date,price,price_open,ytd_price,lt2_price,ytdH,ytd_L,WER1CN11 FORE Index,WER1CNAL FORE Index,WER1CNBC FORE Index,WER1CNON FORE Index,WER1US00 FORE Index,WER1USRM FORE Index,WER1USCP FORE Index,WER1USMN FORE Index,WER1USEC FORE Index,UNG US Equity,NGCDAECO Comdty,CL1 Comdty,DOENUSCH Index,DOENUST1 Index,NAGSTOTL Index,NAGSTOTC Index,CANEESTF Index,SPGSCI Index,SPCI Index,DXY Curncy
4/29/2014,4.831,4.77,4.795,4.647,4.808,4.636,1.21,4.72,7,2.95,54.72,48.23,71.82,46.76,69.68,26.45,4.59,100.84,82,981,59.87,59899,32.416,654.7652,2405.88,79.683
4/30/2014,4.815,4.838,4.831,4.795,4.848,4.754,2.73,6.88,9.71,3.99,53.79,45.83,71.13,46.18,67.68,26.83,4.59,101.28,82,981,59.87,62182,32.416,658.8395,2419.66,79.808
5/1/2014,4.719,4.797,4.815,4.831,4.852,4.751,4.49,10.3,13.05,5.33,53.82,44.9,71.24,47.88,59.34,26.55,4.59,99.74,82,981,59.87,62871,32.416,652.5111,2433.65,79.474
5/2/2014,4.674,4.73,4.719,4.815,4.823,4.707,5.19,10.69,14.97,5.85,54.73,44.81,71.36,51.82,55.91,26.11,4.6,99.42,82,981,61.89,58323,32.416,648.6089,2439.17,79.527
5/5/2014,4.688,4.775,4.674,4.719,4.765,4.672,2.28,1.1,7.82,3.85,58.29,50.95,73.63,62.34,67.58,25.99,4.53,99.76,74,1055,61.89,54412,35.685,650.9405,2444.31,79.516
5/6/2014,4.799,4.702,4.688,4.674,4.775,4.651,2.65,2.09,8.26,4.14,58.24,52.19,73.59,61.28,69.51,26.03,4.54,99.48,74,1055,61.89,57171,35.685,648.9415,2444.4,79.486
5/7/2014,4.74,4.786,4.799,4.688,4.806,4.692,2.81,-0.19,8.8,5.04,58.73,55.27,74.12,57,69.4,26.63,4.55,99.5,74,1055,61.89,57953,35.685,648.9934,2415.52,79.093
5/8/2014,4.572,4.75,4.74,4.799,4.827,4.706,3.82,1.79,10.13,6.72,60.05,59.7,74.05,51.19,71.04,26.3,4.54,100.77,74,1055,61.89,57566,35.685,651.4311,2418.27,79.202
5/9/2014,4.531,4.586,4.572,4.74,4.754,4.56,5.19,6.37,10.34,9.24,61.56,61.55,73.93,50.01,73.33,25.37,4.46,100.26,74,1055,59.13,57019,35.685,649.5789,2398.11,79.361
5/12/2014,4.434,4.535,4.531,4.572,4.598,4.498,5.64,4.21,11.44,9.57,62.54,61.27,73.9,48.7,73.59,25.11,4.32,99.99,105,1160,59.13,53491,40.02,647.2982,2409.45,79.903
5/13/2014,4.358,4.407,4.434,4.531,4.549,4.396,5.77,7.11,12.14,9.67,62.01,57.69,72.86,46.41,74.87,24.51,4.3,100.59,105,1160,59.13,55802,40.02,648.9678,2452.17,79.901
5/14/2014,4.367,4.372,4.358,4.434,4.469,4.347,6.89,9,13.67,11.56,59.4,51.7,72.51,47.96,72.74,24.21,4.25,101.7,105,1160,59.13,58334,40.02,652.0264,2437.36,80.143
5/15/2014,4.469,4.384,4.367,4.358,4.403,4.339,7.67,11.67,15.15,9.89,58.52,49.47,72.25,51.9,64.13,24.28,4.22,102.37,105,1160,59.13,59600,40.02,655.2289,2413.14,80.073
5/16/2014,4.413,4.449,4.469,4.367,4.509,4.289,8.51,9.38,15.45,8.68,57.77,44.52,73.83,57.85,55.64,24.63,4.22,101.5,105,1160,58.36,58352,40.02,652.0441,2395.24,80.003
5/19/2014,4.47,4.414,4.413,4.469,4.458,4.407,8.17,10.76,11.59,7.72,59.19,55.61,74.25,64.86,62.8,24.44,4.26,102.02,107,1267,58.36,53519,48.575,652.8556,2405.81,80.043
5/20/2014,4.552,4.474,4.47,4.413,4.523,4.39,8.08,10.49,12.12,10.04,60.86,59.53,73.74,62.75,66.73,24.76,4.27,102.61,107,1267,58.36,54388,48.575,653.803,2425.74,79.993
5/21/2014,4.473,4.536,4.552,4.47,4.57,4.43,8.35,11.59,12.91,10.1,63.72,64.52,73.86,61.66,71.95,25.14,4.28,102.44,107,1267,58.36,54194,48.575,654.0387,2397.57,80.041
5/22/2014,4.359,4.489,4.473,4.552,4.575,4.466,9.35,13.96,12.92,11.33,64.39,62.84,73.74,61.48,73.82,24.78,4.37,104.07,107,1267,58.36,55244,48.575,658.3492,2411.52,80.095
5/23/2014,4.405,4.374,4.359,4.473,4.515,4.349,10.02,15.34,13.81,11.37,63.97,60,75.2,62.6,73.92,24.18,4.31,103.74,107,1267,56.88,57627,48.575,657.1738,2428.05,80.254
5/27/2014,4.505,4.406,4.405,4.359,4.411,4.358,10.59,12.09,11.56,16.35,68.19,69.63,73.78,65.31,75.88,24.36,4.2,104.35,113,1380,56.88,53476,56.46,658.406,2447.73,80.393
5/28/2014,4.619,4.496,4.505,4.405,4.512,4.36,10.11,10.48,12.02,15.05,67.91,68.22,74.75,68.35,75.7,24.83,4.27,104.11,113,1380,56.88,56248,56.46,655.4422,2471.34,80.352
5/29/2014,4.559,4.608,4.619,4.505,4.635,4.482,10.2,9.76,11.39,13.28,66.27,66.17,75.06,70.35,74.09,25.47,4.39,102.72,113,1380,56.88,58164,56.46,652.8376,2463.74,80.571
5/30/2014,4.542,4.582,4.559,4.619,4.665,4.529,10.69,9.4,11.47,14.07,65.91,67.3,74.9,66.84,73.49,25.3,4.46,103.58,113,1380,56.25,56722,56.46,654.2635,2474.68,80.494
6/2/2014,4.612,4.551,4.542,4.559,4.592,4.489,11.71,13.73,14.87,15.23,67.63,70.92,74.94,66.69,75.29,25.2,4.36,102.71,119,1499,56.25,54057,64.787,649.6324,2467.33,80.369
6/3/2014,4.629,4.617,4.612,4.542,4.62,4.522,11.83,14.82,15.06,15.6,67.87,67.65,75.06,67.54,75.19,25.52,4.52,102.47,119,1499,56.25,55613,64.787,648.4599,2467.5,80.644
6/4/2014,4.64,4.615,4.629,4.612,4.662,4.593,12.25,14.53,14.17,14.87,68.47,67,74.35,71.02,76.17,25.45,4.63,102.66,119,1499,56.25,56484,64.787,647.604,2465.97,80.554
6/5/2014,4.701,4.64,4.64,4.629,4.653,4.576,11.24,11.59,13.31,12.75,68.24,64.82,75.64,68.56,77.55,25.7,4.57,102.64,119,1499,56.25,57007,64.787,645.9893,2477.4,80.663
6/6/2014,4.71,4.701,4.701,4.64,4.723,4.586,10.5,6.99,13.18,12.25,67.24,64.39,75.4,66.91,75.53,25.89,4.63,102.48,119,1499,57.8,56344,64.787,646.6336,2508.43,80.371
6/9/2014,4.645,4.714,4.71,4.701,4.736,4.679,11.89,11.9,14.13,14.21,66.88,60,75.44,64.73,75.56,26.13,4.61,102.66,108,1607,57.8,54201,73.736,646.6281,2525.73,80.409
6/10/2014,4.53,4.63,4.645,4.71,4.743,4.63,12.14,11.47,13.46,14.5,67.12,61.86,75.66,65.56,75.99,25.71,4.57,104.41,108,1607,57.8,55403,73.736,651.2814,2536.79,80.653
6/11/2014,4.508,4.535,4.53,4.645,4.636,4.52,12.2,10.22,12.9,16.06,67.97,63.91,75.82,68.29,75.29,25.08,4.48,104.35,108,1607,57.8,56601,73.736,648.0516,2531.3,80.82
6/12/2014,4.762,4.526,4.508,4.53,4.573,4.504,12.21,11.37,14.66,16.55,67.53,64.81,76.86,68.18,73.09,24.98,4.46,104.4,108,1607,57.8,55991,73.736,647.5428,2522.94,80.788
6/13/2014,4.739,4.754,4.762,4.508,4.769,4.52,12.37,13.19,14.74,15.55,66.02,59.66,76.74,67.91,74.39,26.23,4.48,106.53,108,1607,56.66,54432,73.736,658.5549,2506.59,80.576
6/16/2014,4.707,4.757,4.739,4.762,4.793,4.716,11.45,11.84,11.63,13.65,67.47,66.17,75.9,63.72,76.93,26.25,4.61,106.91,112,1719,56.66,53067,87.114,660.4576,2514.77,80.576
6/17/2014,4.709,4.707,4.707,4.739,4.886,4.669,11.99,11.05,11.93,15.88,70.6,72.4,75.32,66.86,79.31,26.06,4.57,106.9,112,1719,56.66,56449,87.114,661.3156,2519.85,80.471
6/18/2014,4.659,4.704,4.709,4.707,4.739,4.672,13.51,11.86,14.38,17.05,71.81,74.44,75.13,65.69,80.41,26.03,4.56,106.36,112,1719,56.66,59319,87.114,661.9171,2538.29,80.629
6/19/2014,4.584,4.65,4.659,4.709,4.773,4.646,13.94,13.82,14.72,16.06,70.89,72.95,75.06,62.15,80.22,25.8,4.63,105.97,112,1719,56.66,59136,87.114,663.3902,2552.24,80.584
6/20/2014,4.531,4.572,4.584,4.659,4.7,4.559,13.1,13.84,14.2,15.21,69.37,69.3,75.24,64.21,79.87,25.41,4.54,106.43,112,1719,57.56,58018,87.114,668.0328,2555.04,80.317
6/23/2014,4.446,4.522,4.531,4.584,4.614,4.516,14.28,14.83,16.58,16.69,70.41,70.58,73.97,70.35,79.34,25.28,4.4,107.26,110,1829,57.56,54634,97.239,668.8627,2563.55,80.372
6/24/2014,4.535,4.437,4.446,4.531,4.577,4.436,15.25,15.8,17.33,17.28,70.5,69.68,75.16,69.27,79.05,24.69,4.34,106.17,110,1829,57.56,57056,97.239,665.7536,2560.75,80.272
6/25/2014,4.553,4.525,4.535,4.446,4.556,4.431,15.08,17.51,14.99,16.31,70.79,67.38,75.43,70.94,77.62,25.06,4.39,106.03,110,1829,57.56,58080,97.239,667.1898,2536.85,80.327
6/26/2014,4.4,4.557,4.553,4.535,4.587,4.517,15.05,15.92,16.56,15.86,70.72,66.61,76.33,72.49,77.36,25.2,4.44,106.5,110,1829,57.56,57875,97.239,666.6219,2553.61,80.225
6/27/2014,4.409,4.444,4.4,4.553,4.597,4.35,15.18,14.93,16.54,17.2,70.72,69.62,76.13,71.94,76.58,24.51,4.37,105.84,110,1829,59.32,57385,97.239,664.1335,2549.9,80.22
6/30/2014,4.461,4.419,4.409,4.4,4.466,4.375,16.46,15.29,14.22,21.4,73.1,73.47,76.5,72.36,79.8,24.4,4.19,105.74,99,1928,59.32,56742,106.734,663.4425,2562.82,80.039
7/1/2014,4.455,4.447,4.461,4.409,4.493,4.378,16.67,16.5,16.67,20.4,73.61,72.3,76.41,72.49,81.16,24.6,4.18,105.37,99,1928,59.32,59429,106.734,658.5723,2573.12,79.775
7/2/2014,4.357,4.444,4.455,4.461,4.488,4.403,17.19,17.49,19.56,19.29,72.03,64.37,76.44,71.16,81.76,24.47,4.21,105.34,99,1928,59.32,61697,106.734,657.6849,2595.82,79.815
7/3/2014,4.406,4.358,4.357,4.455,4.459,4.338,17.57,19.72,19.82,17.14,71.08,60.86,76.95,73.12,79.9,24.01,4.21,104.48,99,1928,59.32,61055,106.734,654.5589,2583.78,79.956
7/7/2014,4.225,4.398,4.406,4.357,4.411,4.329,16.01,17.74,16.64,18.43,71.41,69.58,77.07,76.58,73.53,24.1,4.12,104.06,95,2023,60.59,54176,116.495,653.2985,2597.81,80.269
7/8/2014,4.204,4.228,4.225,4.406,4.356,4.2,16.68,18.31,19.7,18.25,74.66,72.56,76.28,75.75,79.33,23.35,4.06,103.53,95,2023,60.59,58234,116.495,647.8093,2564.16,80.218
7/9/2014,4.17,4.205,4.204,4.225,4.238,4.129,16.91,19.23,20.4,16.94,72.76,65.24,76.17,74.83,79.73,23.3,4.03,103.4,95,2023,60.59,59977,116.495,643.8665,2537.28,80.179
7/10/2014,4.12,4.173,4.17,4.204,4.23,4.163,16.45,20.58,19.33,14.55,71.8,65.19,76.52,75.91,77.51,22.99,4.07,102.29,95,2023,60.59,58770,116.495,638.6042,2544.8,79.993
7/11/2014,4.146,4.126,4.12,4.17,4.193,4.108,16.17,15.87,19.31,16.18,71.91,68.27,77.01,76.34,77.02,22.69,4.05,102.93,95,2023,57.82,57292,116.495,638.9145,2528.63,80.127
7/14/2014,4.147,4.145,4.146,4.12,4.159,4.106,17.74,20.44,23.61,18.08,73.57,68.12,76.71,76.14,81.59,22.85,3.99,100.83,105,2128,57.82,58154,127.931,630.7167,2526.03,80.187
7/15/2014,4.097,4.157,4.147,4.146,4.173,4.092,17.56,20.19,23.08,15.87,71.86,61.85,78.01,75.68,80.46,22.89,4.07,100.91,105,2128,57.82,60456,127.931,632.2658,2537.79,80.188
7/16/2014,4.119,4.087,4.097,4.147,4.158,4.081,17.53,21.07,22.42,15.91,69.37,59.1,77.63,74.35,72.55,22.53,4.07,99.96,105,2128,57.82,58940,127.931,627.8405,2520.66,80.39
7/17/2014,3.954,4.109,4.119,4.097,4.146,4.084,17.85,22.79,22.22,15.46,68.68,61.77,77.2,73.58,70.37,22.66,4.05,101.2,105,2128,57.82,56884,127.931,630.201,2519.41,80.559
7/18/2014,3.951,3.962,3.954,4.119,4.11,3.936,17.11,18.39,20.08,16.59,68.94,64.84,76.51,73.34,72.04,21.87,3.93,103.19,105,2128,60.29,55007,127.931,633.7313,2487.15,80.505
7/21/2014,3.849,3.883,3.951,3.954,3.976,3.934,16.82,15.04,15.55,19.19,72.38,72.98,77.83,77.35,75.45,21.77,3.85,103.13,91,2219,60.29,54315,138.64,630.9177,2520.6,80.524
7/22/2014,3.772,3.853,3.849,3.951,3.893,3.827,17.06,15.48,16.37,20.54,74.1,76.89,78.13,76.31,77.98,21.31,3.75,104.59,91,2219,60.29,57663,138.64,633.2859,2511.82,80.56
7/23/2014,3.762,3.758,3.772,3.849,3.866,3.756,17.59,18.3,16.84,19.68,74.77,75.79,78.2,77.27,79.61,20.83,3.72,104.42,91,2219,60.29,60368,138.64,631.4493,2529.03,80.781
7/24/2014,3.847,3.767,3.762,3.772,3.817,3.752,17.8,20.46,16.99,17.54,73.83,69.31,78.24,79.57,80.08,20.77,3.7,103.12,91,2219,60.29,61007,138.64,634.012,2533.05,80.823
7/25/2014,3.781,3.842,3.847,3.762,3.886,3.744,16.28,17.35,14.35,16.84,70.93,67.7,77.7,76.7,75.03,21.18,3.69,102.07,91,2219,60.87,60299,138.64,630.9107,2532.52,80.872
7/28/2014,3.747,3.736,3.781,3.847,3.862,3.764,16.59,17.81,19.15,18.16,72.79,66.15,77.98,75.01,81.79,20.83,3.64,102.09,88,2307,60.87,60813,149.703,634.1709,2514.35,81.029
7/29/2014,3.808,3.737,3.747,3.781,3.85,3.728,17.18,19.98,20.92,15.65,70.32,63.07,77.94,75.05,74.98,20.72,3.69,101.67,88,2307,60.87,61484,149.703,631.8899,2506.51,81.025
7/30/2014,3.786,3.821,3.808,3.747,3.834,3.723,17.64,22.19,21.04,15.33,69.47,64.57,77.24,73.56,71.18,21.04,3.62,100.97,88,2307,60.87,59974,149.703,630.2264,2502.86,81.214
7/31/2014,3.841,3.787,3.786,3.808,3.83,3.749,17.61,23.6,20.62,15.83,69.61,64.75,76.86,72.57,71.16,20.79,3.66,100.27,88,2307,60.87,59638,149.703,627.1953,2509.63,81.432
8/1/2014,3.798,3.829,3.841,3.786,3.89,3.76,17.62,22.02,21.12,15.69,70.89,67.13,76.87,73.45,73.07,21.1,3.7,98.17,88,2307,61.76,58885,149.703,621.7026,2457.71,81.456
8/4/2014,3.834,3.786,3.798,3.841,3.877,3.781,17.99,20.55,21.65,18.2,71.67,70.06,78.42,73.26,76.5,20.92,3.68,97.88,81,2388,61.76,57510,160.677,617.5006,2451.26,81.302
8/5/2014,3.897,3.841,3.834,3.798,3.853,3.761,18.25,20.22,21.87,18.14,71.93,69.98,78.97,72.72,76.69,21.19,3.72,98.29,81,2388,61.76,59463,160.677,620.2314,2468.29,81.328
8/6/2014,3.933,3.897,3.897,3.834,3.915,3.826,18.12,20.27,21.01,18.64,72.05,69.23,78.63,72.18,78.48,21.42,3.79,97.38,81,2388,61.76,60505,160.677,616.0379,2456.32,81.328
8/7/2014,3.876,3.946,3.933,3.897,3.95,3.876,17.37,21.21,19.07,18.09,72.06,68.91,77.97,72.43,79.82,21.71,3.82,96.92,81,2388,61.76,61286,160.677,618.2598,2457.73,81.444
8/8/2014,3.962,3.877,3.876,3.933,3.981,3.858,16.97,18.78,18.09,18.29,71.92,69.05,78.05,72.6,80.33,21.4,3.87,97.34,81,2388,62.93,61612,160.677,619.1135,2446.51,81.524
8/11/2014,3.965,3.988,3.962,3.876,3.975,3.872,17.14,18.52,20.94,20.07,72.45,69.93,77.78,72.44,79.45,21.85,3.87,97.65,79,2467,62.93,58312,169.92,617.067,2470.32,81.389
8/12/2014,3.974,3.991,3.965,3.962,4.012,3.922,18.05,20.65,23.08,18.99,72.11,66.19,76.59,73.95,79.33,21.92,3.87,98.08,79,2467,62.93,60051,169.92,618.2003,2487.79,81.466
8/13/2014,3.831,3.979,3.974,3.965,4.02,3.954,18.41,22.19,22.71,17.58,70.91,65.08,77.21,74.76,77.55,21.88,3.87,97.37,79,2467,62.93,59137,169.92,612.0562,2474.23,81.5
8/14/2014,3.906,3.813,3.831,3.974,3.986,3.812,17.53,23.32,19.79,15.23,69.99,66.03,76.93,74.33,73.69,21.06,3.8,97.59,79,2467,62.93,58540,169.92,613.3057,2494.88,81.596
8/15/2014,3.776,3.885,3.906,3.831,3.947,3.799,16.95,21.8,19.8,13.87,69.55,65.8,77.16,73.46,73.33,21.44,3.8,95.58,79,2467,61.64,58435,169.92,602.5462,2503.93,81.588
8/18/2014,3.792,3.746,3.776,3.906,3.906,3.763,16.48,20.19,19.42,15.92,72.38,69.84,78.12,74.2,79.7,20.85,3.69,97.35,88,2555,61.64,57745,179.573,607.453,2504.05,81.424
8/19/2014,3.877,3.79,3.792,3.776,3.825,3.727,16.27,20.24,20.01,15.89,72.62,70.97,77.24,74.03,79.17,20.86,3.68,96.41,88,2555,61.64,60150,179.573,600.3316,2534.82,81.576
8/20/2014,3.823,3.87,3.877,3.792,3.915,3.78,16.16,17.01,18.13,16.98,72.8,72.25,77.16,72.82,80.53,21.31,3.78,94.48,88,2555,61.64,60359,179.573,599.4504,2544.53,81.883
8/21/2014,3.889,3.831,3.823,3.877,3.888,3.792,15.8,13.51,16.7,18.45,73.19,73.42,76.97,71.36,81.88,21.07,3.75,96.07,88,2555,61.64,61778,179.573,601.3213,2545.21,82.226
8/22/2014,3.84,3.88,3.889,3.823,3.955,3.786,15.23,10.69,16.42,18.91,73.63,74.96,77.66,69.54,82.45,21.38,3.76,93.96,88,2555,63.28,63111,179.573,603.7175,2548.3,82.154
8/25/2014,3.937,3.869,3.84,3.889,3.893,3.828,14.98,11.66,17.64,18.67,71.83,74.01,76.82,65.4,82.1,21.21,3.75,93.65,76,2631,63.28,59670,188.267,602.9688,2548.67,82.336
8/26/2014,3.911,3.936,3.937,3.84,3.944,3.843,15.2,13.89,18.42,19.24,71.68,72.53,77.63,67.84,78.65,21.72,3.75,93.35,76,2631,63.28,61042,188.267,603.037,2559.06,82.549
8/27/2014,3.957,3.934,3.911,3.937,3.978,3.899,15.96,17.46,19.26,18.15,71,68.96,77.47,67.99,78.05,21.64,3.75,93.86,76,2631,63.28,60630,188.267,604.8125,2571.1,82.65
8/28/2014,4.044,4.009,3.957,3.911,3.996,3.897,15.98,18.54,18.57,15.72,71.2,68.45,77.01,68.46,78.56,21.88,3.83,93.88,76,2631,63.28,60848,188.267,605.5805,2569.57,82.428
8/29/2014,4.065,4.056,4.044,3.957,4.101,3.973,14.28,12.93,16.14,15.37,70.4,67.9,76.66,69.3,79.26,22.1,3.83,94.55,76,2631,63.36,60523,188.267,606.8384,2561.5,82.477
9/2/2014,3.89,4.048,4.065,4.044,4.085,4.012,14.26,12.38,14.59,18.48,71.49,68.19,77.7,67.93,81.16,22.26,3.76,95.96,78,2709,63.36,59242,195.155,610.9172,2576.41,82.748
9/3/2014,3.847,3.891,3.89,4.065,4.078,3.885,14.1,12.02,13.64,18.18,71.52,67.67,77.51,69.91,79.81,21.31,3.73,92.88,78,2709,63.36,61753,195.155,598.8502,2585.51,82.992
9/4/2014,3.819,3.853,3.847,3.89,3.917,3.829,13.6,10.54,14.29,17.52,71.17,71.17,78.02,70.59,78.42,21.02,3.65,95.54,78,2709,63.36,64175,195.155,607.3503,2575.58,82.865
9/5/2014,3.793,3.838,3.819,3.847,3.879,3.789,13.42,11.48,15.76,18.22,71.37,72.47,77.2,66.28,79.64,20.89,3.65,94.45,78,2709,61.61,60605,195.155,603.2883,2564.97,83.82
9/8/2014,3.876,3.783,3.793,3.819,3.848,3.781,11.95,11.15,17.85,13.47,67.43,63.29,77.51,68.85,75.16,20.76,3.61,93.29,92,2801,61.61,58345,204.055,600.3485,2573.63,83.739
9/9/2014,3.984,3.887,3.876,3.793,3.898,3.761,10.11,3.32,14.25,16.19,68.34,66.02,77.44,69.32,75.18,21.14,3.72,92.66,92,2801,61.61,58044,204.055,597.2049,2574.15,84.232
9/10/2014,3.954,3.978,3.984,3.876,4.016,3.853,10.02,1.98,13.66,15.25,68.49,66.8,77.54,65.14,77.44,21.65,3.98,92.75,92,2801,61.61,58945,204.055,594.8657,2550.03,84.278
9/11/2014,3.823,3.954,3.954,3.984,3.994,3.937,9.3,0.55,12.36,13.38,65.88,57,77.51,60.63,79.24,21.54,3.91,91.67,92,2801,61.61,59415,204.055,589.2951,2559.68,84.283
9/12/2014,3.857,3.844,3.823,3.954,3.963,3.809,9.28,3.48,13.58,11.33,63.36,50.95,77.21,57.67,76,20.96,3.83,92.83,92,2801,61.36,60502,204.055,588.721,2571.31,84.298
9/15/2014,3.931,3.841,3.857,3.823,3.859,3.786,9.73,10.19,17.54,9.27,62.29,53.27,76.77,64.88,69.82,20.97,3.8,92.27,89,2890,61.36,57581,213.333,585.6637,2548.07,84.24
9/16/2014,3.995,3.932,3.931,3.857,3.952,3.839,10.85,13.65,18.47,11.32,63.7,52.82,78.05,66.68,72.31,21.4,3.99,92.92,89,2890,61.36,59395,213.333,586.2973,2523.96,84.264
9/17/2014,4.013,3.991,3.995,3.931,3.999,3.863,11.25,15.42,18.72,11.03,64.59,55.02,77.97,68.94,71.8,21.76,3.9,94.88,89,2890,61.36,59401,213.333,592.2037,2537.4,84.074
9/18/2014,3.91,4.009,4.013,3.995,4.04,3.96,10.51,16.04,16.97,9.07,65.65,58.99,78.09,69.75,70.69,21.87,3.9,94.42,89,2890,61.36,58340,213.333,590.8964,2541.06,84.345
9/19/2014,3.837,3.908,3.91,4.013,4.027,3.897,10.27,15.72,15.01,8.16,65.28,59.52,78.16,70.06,72.19,21.34,3.9,93.07,89,2890,60.37,57270,213.333,583.818,2548.49,84.323
9/22/2014,3.85,3.84,3.837,3.91,3.922,3.834,13.1,17.65,19.82,12.49,64.8,55.83,78.47,67.29,71.6,20.95,3.78,92.41,98,2988,60.37,55555,222.999,583.0041,2530.5,84.735
9/23/2014,3.816,3.852,3.85,3.837,3.878,3.804,12.54,19.07,16.53,10.5,61.92,56.27,79.28,67.5,65.48,20.97,3.78,91.52,98,2988,60.37,57165,222.999,577.7667,2491.3,84.752
9/24/2014,3.911,3.833,3.816,3.85,3.903,3.813,11.48,16.36,14.85,13.55,62.96,60.09,78.71,68.41,65.72,20.82,3.73,91.56,98,2988,60.37,56747,222.999,578.3023,2471.63,84.658
9/25/2014,3.971,3.895,3.911,3.816,3.922,3.796,11.51,16.95,14.27,15.03,64.28,62.67,79.2,69.86,67.63,21.18,3.7,92.8,98,2988,60.37,56280,222.999,581.5013,2488.98,85.037
9/26/2014,3.984,3.963,3.971,3.911,3.974,3.823,12.59,14.62,14.17,15.7,65.36,65.6,79.31,70.73,69.55,21.49,3.72,92.53,98,2988,58.08,56606,222.999,580.9733,2452.65,85.195
9/29/2014,4.154,4.032,3.984,3.971,3.996,3.919,10.3,8.84,16.16,14.63,64.96,64.51,78.71,60.03,71.93,21.58,3.76,93.54,111,3099,58.08,53780,231.714,582.5174,2472.09,85.64
9/30/2014,4.121,4.134,4.154,3.984,4.162,4.011,8.26,11.57,14.02,11.35,62.87,59.51,79.13,58.11,71.49,22.08,3.86,94.57,111,3099,58.08,55342,231.714,586.9585,2467.83,85.591
10/1/2014,4.023,4.13,4.121,4.154,4.178,4.098,7.91,9.43,12.12,10.88,61.97,57.14,77.66,57.22,71.25,22.11,3.95,91.16,111,3099,58.08,58004,231.714,574.2939,2441.5,85.936
10/2/2014,3.932,4.032,4.023,4.121,4.184,4.017,7.53,6.78,10.72,11.87,62.6,60.58,76.63,53.88,72.41,21.56,3.92,90.73,111,3099,58.08,58650,231.714,573.078,2405.23,85.972
10/3/2014,4.039,3.96,3.932,4.023,4.059,3.908,6.83,1.31,10.88,13.71,61.63,58.71,76.57,51.47,74.89,21.28,3.74,91.01,111,3099,59.19,59202,231.714,570.0004,2417.34,85.601
10/6/2014,3.898,4,4.039,3.932,4.047,3.945,7.67,10.36,15.32,5.52,55.19,47.92,75.98,60.28,56.1,21.63,3.72,89.74,106,3205,59.19,59257,242.901,565.7947,2439.53,86.694
10/7/2014,3.957,3.914,3.898,4.039,4,3.887,7.8,10.2,14.98,7.55,58.54,51.99,75.77,61.67,64.96,20.96,3.65,90.34,106,3205,59.19,58002,242.901,570.2171,2426.34,85.928
10/8/2014,3.855,3.939,3.957,3.898,3.968,3.866,7.72,8.72,14.23,8.98,60.8,52.79,76.3,61.89,69.63,21.13,3.64,88.85,106,3205,59.19,57983,242.901,567.1263,2387.43,85.672
10/9/2014,3.845,3.861,3.855,3.957,3.947,3.837,7.22,8.1,14.63,6.8,59.8,51.27,76.77,60.76,69.95,20.68,3.64,87.31,106,3205,59.19,59460,242.901,561.3252,2422.49,85.297
10/10/2014,3.859,3.857,3.845,3.855,3.941,3.815,6.59,8.82,15.18,6.13,58.28,49.06,77.86,58.27,70.88,20.74,3.48,85.77,106,3205,61.24,62402,242.901,555.5072,2365.17,85.522
10/13/2014,3.916,3.836,3.859,3.845,3.888,3.833,6.79,8.82,11.09,8.12,56.57,49.78,77.7,53.48,69.6,20.69,3.47,85.82,93,3298,61.24,59531,248.951,554.2919,2322.66,85.912
10/14/2014,3.816,3.922,3.916,3.859,3.927,3.82,7.32,8.44,10.96,10.22,58.79,55.6,77.44,51.77,72.12,20.97,3.47,85.74,93,3298,61.24,58419,248.951,554.2808,2292.64,85.532
10/15/2014,3.8,3.836,3.816,3.916,3.955,3.806,8.57,10.04,10.41,13.04,59.03,53.34,77.13,56.48,60.94,20.5,3.64,81.84,93,3298,61.24,56930,248.951,539.8402,2313.88,85.822
10/16/2014,3.796,3.811,3.8,3.816,3.857,3.764,8.13,6.65,9.39,11.96,58.22,53.33,77.83,59.46,58.73,20.42,3.57,81.78,93,3298,61.24,57387,248.951,533.563,2323.41,85.147
10/17/2014,3.766,3.817,3.796,3.8,3.834,3.744,7.02,5.4,10.15,11.22,57.95,55.49,76.96,56.61,59.22,20.41,3.57,82.7,93,3298,61.67,56696,248.951,538.5979,2350.21,84.955
10/20/2014,3.67,3.721,3.766,3.796,3.817,3.715,6.37,10.41,13.5,4.03,53.36,49.09,77.9,57.87,56.09,20.22,3.48,82.75,95,3393,61.67,59740,253.64,540.2327,2361.4,85.11
10/21/2014,3.711,3.652,3.67,3.766,3.745,3.662,6.14,12.15,11.88,5.92,54.92,51.55,77.9,58.64,57.97,19.72,3.35,82.71,95,3393,61.67,59338,253.64,537.2357,2387.68,84.953
10/22/2014,3.659,3.7,3.711,3.67,3.716,3.631,5.55,9.81,10.34,5.43,55.69,50,76.73,57.19,59.11,19.88,3.32,82.81,95,3393,61.67,60250,253.64,541.0266,2438.88,85.303
10/23/2014,3.622,3.662,3.659,3.711,3.718,3.651,5.17,8.61,9.8,5.92,53.98,50.34,76.54,54.7,55.48,19.6,3.38,80.52,95,3393,61.67,62686,253.64,534.9609,2408.23,85.741
10/24/2014,3.623,3.653,3.622,3.659,3.683,3.59,5.21,8.33,8.46,8.03,54.65,52.34,76.17,57.57,54.68,19.52,3.26,82.09,95,3393,62.98,62089,253.64,541.9306,2444.81,85.843
10/27/2014,3.561,3.62,3.623,3.622,3.654,3.558,3.21,1.5,7.57,5.82,55.9,53.28,76.78,56.91,65.16,19.36,3.15,81.01,87,3480,62.98,57236,255.599,537.1015,2455.74,85.732
10/28/2014,3.649,3.572,3.561,3.623,3.644,3.547,2.56,0.31,7.37,6.06,55.17,54.42,76.06,47.23,68.42,19.01,3.27,81,87,3480,62.98,58213,255.599,537.2896,2449.98,85.495
10/29/2014,3.728,3.658,3.649,3.561,3.677,3.541,2.21,-0.63,7.26,8.65,53.8,46.42,76.01,46.27,65.27,19.59,3.31,81.42,87,3480,62.98,59240,255.599,540.5528,2500.11,85.408
10/30/2014,3.827,3.793,3.728,3.649,3.765,3.616,2.55,0.9,9.44,5.12,51.86,42.95,76.44,50.64,57.16,19.84,3.46,82.2,87,3480,62.98,62255,255.599,546.7508,2490.2,85.952
10/31/2014,3.873,3.858,3.827,3.728,3.873,3.768,1.78,2.14,8.52,2.6,49.59,41.33,76.16,51.75,53.01,20.06,3.56,81.12,87,3480,62.61,64780,255.599,541.6279,2503.46,86.147
11/3/2014,4.046,4.007,3.873,3.827,3.955,3.835,0.78,0.84,7.51,1.43,43.87,41.41,76.17,47.69,42.92,20.28,3.62,80.54,91,3571,62.61,71215,258.756,539.5923,2538.28,86.917
11/4/2014,4.129,4.041,4.046,3.873,4.065,3.989,1.06,1.15,7.31,4.47,47.23,46.69,76.25,41.81,50.1,21.12,3.23,78.78,91,3571,62.61,66171,258.756,535.7802,2538.11,87.309
11/5/2014,4.194,4.144,4.129,4.046,4.179,4.029,1,2.17,8.12,6.12,49.12,44.75,75.13,42.96,56.95,21.74,3.33,77.19,91,3571,62.61,62922,258.756,526.8372,2522.76,86.984
11/6/2014,4.404,4.209,4.194,4.129,4.315,4.132,0.78,1.13,7.13,4.04,50.26,44.21,75.32,47.05,59.01,21.96,3.49,78.68,91,3571,62.61,63345,258.756,529.2481,2524.7,87.444
11/7/2014,4.412,4.429,4.404,4.194,4.457,4.111,0.67,4.14,8.25,2.19,48.19,39.16,74.81,49.68,52.29,23.16,3.5,77.91,91,3571,70.42,66013,258.756,529.7134,2541.15,88.012
11/10/2014,4.255,4.509,4.412,4.404,4.494,4.282,-4.1,-9.44,5.78,-2.37,46.53,37.62,71.71,49.6,48.89,22.9,3.65,78.65,40,3611,70.42,67393,257.132,534.103,2544.09,87.642
11/11/2014,4.247,4.266,4.255,4.412,4.544,4.246,-4.85,-14.77,4.24,-0.86,45.68,36.02,71.52,39.62,52.65,22.45,4.23,77.4,40,3611,70.42,66468,257.132,529.1502,2552.57,87.81
11/12/2014,4.185,4.218,4.247,4.255,4.311,4.121,-5.4,-17.23,1.64,1.52,41.05,26.2,71.37,28.19,53.38,22.08,4.03,77.94,40,3611,70.42,70363,257.132,530.2274,2554.5,87.531
11/13/2014,3.977,4.155,4.185,4.247,4.227,4.143,-5.35,-15.89,0.54,-0.89,37.12,21.56,72.39,23.84,43.91,21.79,3.94,77.18,40,3611,70.42,81987,257.132,528.1308,2562.75,87.822
11/14/2014,4.02,3.978,3.977,4.185,4.175,3.962,-5.98,-15.39,0.82,-3.04,33.28,18.42,73.2,25.36,33.13,20.84,3.86,74.21,40,3611,78.42,93168,257.132,514.4366,2549.42,87.674
11/17/2014,4.341,4.148,4.02,3.977,4.074,3.931,-6.06,-11.38,3.64,-4.21,33.2,19.71,73.29,21.76,43.24,21.3,3.67,75.82,-17,3594,78.42,89700,253.681,520.9717,2549.34,87.525
11/18/2014,4.244,4.303,4.341,4.02,4.347,4.113,-5.25,-8.59,4.53,-4.8,31.17,12.6,73.79,23.88,30.36,22.45,3.88,75.64,-17,3594,78.42,95775,253.681,521.446,2537.41,87.926
11/19/2014,4.371,4.266,4.244,4.341,4.336,4.149,-5.5,-7.66,4.86,-8.64,29.39,14.78,74.21,29.25,27.14,22.27,3.89,74.61,-17,3594,78.42,104379,253.681,517.3593,2552.75,87.575
11/20/2014,4.489,4.408,4.371,4.244,4.508,4.194,-6.63,-9.31,5.25,-7.61,32.08,18.6,75.25,33,34.52,23.13,4.04,74.58,-17,3594,78.42,96928,253.681,516.4166,2536.91,87.647
11/21/2014,4.266,4.46,4.489,4.371,4.503,4.25,-6.51,-4.25,5.15,-8.88,34.8,17.46,75.32,36.08,39.19,23.51,3.95,75.58,-17,3594,98.99,90086,253.681,521.5887,2555.63,87.591
11/24/2014,4.151,4.047,4.266,4.489,4.532,4.233,-6.1,-7.2,3.17,0.84,44.91,39.58,72.56,34.98,57.99,22.475,3.68,76.51,-162,3432,98.99,64673,241.525,525.199,2565.03,88.31
11/25/2014,4.282,4.154,4.151,4.266,4.158,4.006,-5.48,-6.87,2.53,1.65,42.44,28.12,71.61,33.03,49.5,21.85,3.58,75.78,-162,3432,98.99,68820,241.525,521.1446,2586.21,88.151
11/26/2014,4.355,4.438,4.282,4.151,4.319,4.098,-5.98,-10.48,3.58,-4.82,39.74,24.91,70.6,35.28,43.73,22.57,3.74,74.09,-162,3432,98.99,76976,241.525,516.6156,2585.71,87.92
11/28/2014,4.088,4.341,4.355,4.282,4.529,4.33,-9.92,-12.19,2.85,-9.77,34.31,16.47,72.63,44.4,36.32,22.11,3.97,73.69,-162,3432,78.88,84084,241.525,514.9334,2591.6,87.607
12/1/2014,4.007,3.975,4.088,4.355,4.367,4.075,-12.45,-21.9,-5.99,-3.89,39.04,21.78,71.32,34.2,57.48,21.26,3.97,66.15,-22,3410,78.88,70479,240.064,482.1124,2568.24,88.356
12/2/2014,3.874,4.023,4.007,4.088,4.041,3.928,-11.57,-16.16,-3.77,-9.93,34.75,13.4,70.75,33.89,51.76,20.46,3.65,69,-22,3410,78.88,81814,240.064,492.9434,2528.66,87.946
12/3/2014,3.805,3.863,3.874,4.007,4.026,3.856,-12.39,-15.46,-1.73,-8.76,36.72,22.01,70.9,38.18,50.45,19.75,3.45,66.88,-22,3410,78.88,85621,240.064,481.9978,2545.71,88.647
12/4/2014,3.649,3.787,3.805,3.874,3.866,3.757,-10.25,-12.07,0.72,-6.81,39.35,23.01,70.7,40.18,50.49,19.36,3.34,67.38,-22,3410,78.88,79514,240.064,480.0367,2566.72,88.956
12/5/2014,3.802,3.676,3.649,3.805,3.808,3.638,-10.11,-11.83,0.72,-8.89,40.05,26.02,70.55,42.02,53.11,18.56,3.22,66.81,-22,3410,84.13,80344,240.064,478.051,2559.96,88.704
12/8/2014,3.595,3.777,3.802,3.649,3.824,3.664,-9.26,-7.85,4.8,-7.89,39.31,31.41,69.73,41.65,46.01,19.34,3.13,65.84,-51,3359,84.13,80334,234.991,475.8299,2570.56,89.334
12/9/2014,3.652,3.62,3.595,3.802,3.785,3.585,-9.24,-5.73,5.35,-4.05,38.88,30.92,69.5,41.66,45.57,18.47,3.13,63.05,-51,3359,84.13,83650,234.991,463.5904,2543.24,89.041
12/10/2014,3.706,3.65,3.652,3.595,3.709,3.608,-6.47,0.14,6.11,-5.16,39.09,28.28,69.66,42.35,42.64,18.53,3.07,63.82,-51,3359,84.13,84585,234.991,467.8097,2563.78,88.69
12/11/2014,3.634,3.716,3.706,3.652,3.743,3.606,-4.84,1.41,5.98,-6.3,38.08,28.42,69.62,42.89,38.55,18.86,3.11,60.94,-51,3359,84.13,87959,234.991,456.3076,2512.33,88.271
12/12/2014,3.795,3.648,3.634,3.706,3.778,3.614,-3.9,0.04,5.01,-4.73,38.51,30.31,71.34,44.64,38.68,18.64,3.11,59.95,-51,3359,86.95,86424,234.991,454.2156,2523.36,88.663
12/15/2014,3.719,3.93,3.795,3.634,3.826,3.644,-4.67,-7.78,3.6,-0.44,41.93,43.08,70.62,32.65,46.71,19.22,3.15,57.81,-63,3296,86.95,75272,226.756,447.693,2490.59,88.363
12/16/2014,3.619,3.736,3.719,3.795,3.936,3.699,-6.02,-8.45,2.6,-0.58,39.82,35.91,71.67,31.05,48.92,19.02,3.27,55.91,-63,3296,86.95,78469,226.756,441.534,2468.08,88.46
12/17/2014,3.702,3.621,3.619,3.719,3.789,3.605,-7.31,-9.08,1.88,-2.01,37.66,26.85,72.2,33.32,44.6,18.53,3.15,55.93,-63,3296,86.95,83881,226.756,436.5531,2457.26,88.125
12/18/2014,3.642,3.701,3.702,3.619,3.724,3.614,-7.36,-9.19,2.15,-4.85,35.8,22.5,72.21,33.34,40.58,18.8,3.22,56.47,-63,3296,86.95,88419,226.756,440.3257,2521.72,89.133
12/19/2014,3.464,3.661,3.642,3.702,3.805,3.636,-7.6,-8.17,2.87,-6.89,35.45,23.08,73.05,33.01,40.79,18.74,3.28,54.11,-63,3296,84.86,89631,226.756,433.1504,2565.45,89.235
12/22/2014,3.144,3.35,3.464,3.642,3.677,3.444,-7.35,-5.23,3.89,-4.11,38.98,32.92,70.75,40.32,43.62,17.7,3.05,56.52,-50,3246,84.86,82839,224.02,440.7062,2578.6,89.598
12/23/2014,3.171,3.171,3.144,3.464,3.351,3.12,-7.27,-6.18,2.77,-1.96,40.51,34.36,69.88,37.39,51.39,16.36,2.61,55.26,-50,3246,84.86,79561,224.02,433.2219,2588.33,89.77
12/24/2014,3.03,3.17,3.171,3.144,3.234,3.098,-6.9,-6.4,2.1,-0.64,40.74,34.84,68.05,30.42,56.49,16.23,2.66,57.12,-50,3246,84.86,75217,224.02,439.8667,2592.21,90.064
12/26/2014,3.007,3.067,3.03,3.171,3.19,3,-7.12,-13.99,0.61,-0.83,38.13,32.44,69.02,29.87,42.82,15.61,2.66,55.84,-50,3246,81.33,75104,224.02,431.5971,2598.49,89.835
12/29/2014,3.189,3.053,3.007,3.03,3.098,2.973,-12.25,-18.73,-1.5,-8.13,34.16,19.2,67.78,23.18,45.6,15.48,2.66,54.73,-26,3220,81.33,85847,221.948,429.1606,2612.29,90.03
12/30/2014,3.094,3.168,3.189,3.007,3.207,3.019,-14.98,-22.92,-5.55,-12.38,30.1,12.27,67.17,17.04,42.71,16.07,2.85,53.61,-26,3220,81.33,92490,221.948,424.1874,2620.11,90.19
12/31/2014,2.889,3.095,3.094,3.189,3.178,3.079,-15.36,-15.7,-4.07,-14.7,25.02,5,67.4,12.19,36.98,15.72,2.87,54.12,-26,3220,81.33,107175,221.948,423.8376,2607.78,89.991
1/2/2015,3.003,2.845,2.889,3.094,3.13,2.882,-12.38,-8.47,1,-10.93,28.7,17.92,65.82,18.33,37.81,14.77,2.71,53.27,-26,3220,95.51,101832,221.948,418.1225,2588.66,90.276
1/5/2015,2.882,3.076,3.003,2.889,3.096,2.805,-16.54,-23.43,-4.84,-12.33,28.67,5.19,65.78,22.73,39.97,14.96,2.7,52.69,-131,3089,95.51,94300,217.883,414.9583,2584.41,91.08
1/6/2015,2.938,2.921,2.882,3.003,3.176,2.875,-15.99,-20.45,-0.2,-18.03,25.22,3.27,64.96,31.85,31.51,14.87,2.905,50.04,-131,3089,95.51,108572,217.883,404.6091,2543.14,91.378
1/7/2015,2.871,2.949,2.938,2.882,2.955,2.811,-16.7,-19.62,3.51,-16.29,26.65,5.47,66.73,34.61,35.55,14.93,2.55,47.93,-131,3089,95.51,111579,217.883,397.9523,2511.47,91.499
1/8/2015,2.927,2.877,2.871,2.938,3.012,2.825,-16.54,-13.06,4.03,-19.72,20.26,-3.19,67.82,32.32,21.69,14.58,2.65,48.65,-131,3089,95.51,126125,217.883,396.6795,2541.36,91.89
1/9/2015,2.946,2.959,2.927,2.871,2.968,2.816,-17.09,-21.27,2.23,-16.37,21.48,5.29,67.28,32.01,18,14.94,2.6,48.79,-131,3089,111.94,129881,217.883,397.101,2582.47,92.368
1/12/2015,2.795,2.917,2.946,2.927,2.99,2.888,-14.94,-16.78,1.63,-13.35,30.48,14.31,68.18,34,37.84,14.99,2.63,48.36,-235,2854,111.94,98771,193.237,395.0057,2562.42,91.935
1/13/2015,2.943,2.815,2.795,2.946,2.934,2.783,-13.96,-12.22,1.92,-14.49,30.39,6.29,67.09,31.81,44.18,14.18,2.51,46.07,-235,2854,111.94,98273,193.237,384.7926,2548.82,91.983
1/14/2015,3.233,2.954,2.943,2.795,2.971,2.795,-13.86,-6.4,3.13,-16.72,27.1,7.23,67.51,30.23,35.07,14.94,2.51,45.89,-235,2854,111.94,110485,193.237,381.0193,2548.97,92.31
1/15/2015,3.158,3.301,3.233,2.943,3.337,2.932,-11.73,-4.56,3.92,-12.4,29.27,15.61,68.29,30.54,35.4,16.68,2.69,48.48,-235,2854,111.94,110982,193.237,388.9797,2537.85,92.161
1/16/2015,3.127,3.191,3.158,3.233,3.352,3.057,-11.52,-5.94,3,-10.25,33.64,24.21,70.82,32.81,34.81,16.12,2.87,46.25,-235,2854,108.45,97599,193.237,382.7226,2501.68,92.352
1/20/2015,2.831,3.045,3.127,3.158,3.228,3.024,-9.22,-3.49,2.15,-12.66,39.14,31.14,70.98,39.67,45.92,15.69,2.63,48.69,-217,2637,108.45,82849,169.337,391.4441,2539.06,92.52
1/21/2015,2.974,2.892,2.831,3.127,3.045,2.821,-11.17,-7.15,1.83,-13.53,37.71,30.1,71.1,34.38,48.47,14.69,2.48,46.39,-217,2637,108.45,85019,169.337,381.236,2531.87,93.046
1/22/2015,2.835,3,2.974,2.831,3.015,2.867,-12.01,-4.26,2.91,-13.29,34.95,25.68,70.56,28.95,46.83,15.02,2.56,47.78,-217,2637,108.45,89458,169.337,386.1453,2538.73,92.904
1/23/2015,2.986,2.858,2.835,2.974,3.048,2.766,-10.32,-0.04,4.02,-10.46,34.06,26.13,70.53,27.32,42.88,14.55,2.57,46.31,-217,2637,90.02,91186,169.337,381.6765,2584.16,94.077
1/26/2015,2.881,2.897,2.986,2.835,2.994,2.855,-9.15,1.62,7.23,-14.68,35.01,25.32,69.35,40.24,43.68,14.97,2.56,45.59,-94,2543,90.02,85673,157.089,379.7409,2580.01,94.762
1/27/2015,2.981,2.895,2.881,2.986,2.955,2.841,-11.55,1.06,6.33,-13.96,35.19,28.48,70.1,43.02,39.12,14.55,2.56,45.15,-94,2543,90.02,93796,157.089,377.6521,2608.04,94.802
1/28/2015,2.866,2.917,2.981,2.881,3.005,2.888,-12.23,-1.82,4.18,-12.49,35.8,29.74,70.2,44.46,40.82,14.78,2.62,46.23,-94,2543,90.02,93439,157.089,382.1973,2592.84,94.022
1/29/2015,2.719,2.852,2.866,2.981,2.93,2.828,-11.74,-6.82,3.22,-10.53,36.02,31.84,69.97,42.42,40.5,14.547,2.57,44.45,-94,2543,90.02,91880,157.089,376.7316,2554.29,94.467
1/30/2015,2.691,2.732,2.719,2.866,2.924,2.672,-12.21,-5.4,4.03,-9.72,34.62,25.4,69.7,40.02,46.26,13.88,2.63,44.53,-94,2543,93.5,88705,157.089,375.0788,2576.7,94.782
2/2/2015,2.68,2.664,2.691,2.719,2.733,2.637,-17.22,-15.14,0.4,-19.63,31.34,13.6,69.94,32.28,47.12,13.67,2.49,48.24,-115,2428,93.5,94225,142.749,389.6819,2538.18,94.804
2/3/2015,2.754,2.692,2.68,2.691,2.707,2.608,-18.2,-16.18,0.42,-19.58,28.67,10.33,70.95,38.55,31.49,13.67,2.49,49.57,-115,2428,93.5,107498,142.749,396.3375,2559.84,94.504
2/4/2015,2.662,2.766,2.754,2.68,2.783,2.65,-17.68,-18.77,0.73,-17.79,30.22,17.81,73.04,41,34.67,14.08,2.47,53.05,-115,2428,93.5,103707,142.749,412.6965,2603.71,93.6
2/5/2015,2.6,2.661,2.662,2.754,2.779,2.649,-16.13,-12.4,1.31,-14.95,30.95,11.62,72.57,38.83,39.49,13.57,2.52,48.45,-115,2428,93.5,96972,142.749,395.9003,2594.45,93.986
2/6/2015,2.579,2.594,2.6,2.662,2.698,2.578,-16.48,-15.16,2.43,-18.15,28.58,11.68,69.29,44.26,32.36,13.28,2.43,50.48,-115,2428,101.45,107996,142.749,404.0587,2628.41,93.569
2/9/2015,2.597,2.659,2.579,2.6,2.632,2.567,-17.25,-11.42,3.76,-15.69,41.04,31.05,68.06,48.87,52.99,13.17,2.4,51.69,-160,2268,101.45,76132,121.998,410.414,2621.22,94.698
2/10/2015,2.677,2.62,2.597,2.579,2.688,2.571,-16.92,-11.6,3.5,-15.99,37.84,24.03,71.46,48.12,44.73,13.3,2.44,52.86,-160,2268,101.45,85859,121.998,417.0896,2605.3,94.449
2/11/2015,2.797,2.693,2.677,2.597,2.746,2.609,-16.43,-16.46,3.37,-15.34,36.5,26.77,70.92,44.35,39.71,13.72,2.55,50.02,-160,2268,101.45,88200,121.998,408.5946,2624.55,94.758
2/12/2015,2.713,2.835,2.797,2.677,2.857,2.685,-16.75,-12.67,5.3,-12.32,33.81,18.49,68.68,40.01,41.38,14.4,2.72,48.84,-160,2268,101.45,89357,121.998,404.2377,2624.74,94.985
2/13/2015,2.804,2.715,2.713,2.797,2.883,2.679,-15.02,-4.61,5.68,-18.94,30.53,9.68,67.51,43.22,31.58,13.88,2.63,51.21,-160,2268,92.85,102557,121.998,416.9822,2652.82,94.094
2/17/2015,2.759,2.818,2.804,2.713,2.811,2.656,-15.06,-11.43,4.9,-20.64,27.88,10.8,69.05,35.82,34.5,14.22,2.49,52.78,-110,2158,92.85,116012,105.547,425.9905,2670.14,94.201
2/18/2015,2.831,2.78,2.759,2.804,2.896,2.697,-15.28,-10.89,5.81,-19.63,27.91,9.07,70.95,34.58,27.61,14.19,2.6,53.53,-110,2158,92.85,111429,105.547,426.2522,2672.92,94.061
2/19/2015,2.834,2.825,2.831,2.759,2.841,2.732,-14.33,-4.7,5.77,-19.55,26.62,3.11,70.69,38.66,24.83,14.36,2.63,52.14,-110,2158,92.85,117222,105.547,420.5657,2682.43,94.198
2/20/2015,2.951,2.815,2.834,2.831,2.885,2.772,-12.48,-1.71,4.45,-22.63,25.15,2.81,71.59,44.45,19.35,14.45,2.74,51.16,-110,2158,110.06,123379,105.547,418.3577,2682.63,94.404
2/23/2015,2.879,2.963,2.951,2.834,2.984,2.801,-12.96,-8.31,4.58,-18.69,30.17,3.21,71.01,27.51,40.1,15.03,2.86,50.34,-220,1938,110.06,98287,81.691,416.1673,2698,94.253
2/24/2015,2.902,2.869,2.879,2.951,3.039,2.845,-12.06,-1.99,5.52,-20.05,24.26,4.49,72.05,27.35,28.64,14.59,2.91,49.45,-220,1938,110.06,119716,81.691,410.5871,2695.9,94.569
2/25/2015,2.894,2.922,2.902,2.879,2.972,2.827,-13.39,-4.55,5.1,-14.74,28.64,16.88,71.94,34.14,31.99,14.63,2.78,49.28,-220,1938,110.06,112082,81.691,410.1862,2696.68,94.493
2/26/2015,2.697,2.875,2.894,2.902,2.966,2.852,-14.6,-15.56,3.3,-18.73,29.99,12.71,71.81,33.77,32.89,14.5,2.78,50.99,-220,1938,110.06,106436,81.691,418.4012,2702.46,94.213
2/27/2015,2.734,2.707,2.697,2.894,2.888,2.689,-14.89,-14.34,2.77,-19.62,26.24,4.27,72.13,28.94,32.24,13.64,2.69,48.17,-220,1938,109.01,114921,81.691,411.7228,2700.95,95.292
3/2/2015,2.698,2.691,2.734,2.697,2.745,2.684,-11.39,-9.54,2.88,-11.16,32.69,19.09,71.75,33.63,46.02,13.74,2.53,49.76,-229,1709,109.01,98147,62.1,421.2419,2688.39,95.293
3/3/2015,2.712,2.658,2.698,2.734,2.753,2.65,-12.03,-13.73,1.47,-11.18,34.35,19.98,72.32,34.69,45.5,13.67,2.55,49.59,-229,1709,109.01,93793,62.1,413.0635,2708.14,95.462
3/4/2015,2.769,2.713,2.712,2.698,2.734,2.641,-14.77,-19.21,1.17,-9.5,36.38,22.37,71.36,29.77,55.33,13.71,2.5,50.52,-229,1709,109.01,90325,62.1,417.2149,2698.28,95.383
3/5/2015,2.841,2.777,2.769,2.712,2.783,2.712,-12.96,-12.91,3.15,-12.06,33.97,9.78,70.03,26.86,50.72,14.05,2.56,51.53,-229,1709,109.01,96420,62.1,417.3721,2687.16,95.965
3/6/2015,2.839,2.828,2.841,2.769,2.864,2.743,-12.61,-4.06,4.35,-17.57,28.18,8.01,69.3,33.05,27.12,14.39,2.52,50.76,-229,1709,104.48,112345,62.1,414.7058,2694.74,96.378
3/9/2015,2.678,2.775,2.839,2.841,2.87,2.783,-7.94,0.25,7.16,-8.23,41.91,35.02,66.17,44.24,46.99,14.37,2.48,49.61,-198,1511,104.48,76907,49.626,411.7778,2660.25,97.615
3/10/2015,2.732,2.693,2.678,2.839,2.778,2.668,-7.99,1.33,6.82,-5.06,43.62,38.67,66.44,45.57,51.08,13.62,2.42,50,-198,1511,104.48,75533,49.626,410.5796,2668.46,97.588
3/11/2015,2.824,2.716,2.732,2.678,2.741,2.683,-7.52,-0.82,6.79,-1.96,46.17,42.35,66.86,47.22,59.9,13.8,2.51,48.29,-198,1511,104.48,70260,49.626,402.9195,2634.76,98.618
3/12/2015,2.734,2.828,2.824,2.732,2.848,2.662,-7.17,0.48,6.47,-3.01,47.19,42.45,67.31,49.57,58.83,14.33,2.61,48.17,-198,1511,104.48,68947,49.626,405.5085,2649.06,99.795
3/13/2015,2.727,2.749,2.734,2.824,2.864,2.725,-8.34,1.9,7.74,-7.75,46.28,45.19,67.32,50.56,59.99,13.9,2.61,47.05,-198,1511,82.99,71642,49.626,403.3638,2683.85,99.435
3/16/2015,2.716,2.705,2.727,2.734,2.759,2.674,-6.21,-2.01,4.02,-1.4,49.37,49.08,67.82,55.73,58.41,13.81,2.49,44.84,-43,1468,82.99,66968,49.517,393.3518,2671.85,100.33
3/17/2015,2.855,2.742,2.716,2.727,2.748,2.68,-6.57,-3.38,5.59,-0.32,51.3,50.43,67.32,54.09,61.81,13.89,2.56,43.88,-43,1468,82.99,64702,49.517,389.7341,2694.61,99.604
3/18/2015,2.92,2.854,2.855,2.716,2.858,2.74,-5.84,-2.22,6.98,-4.11,47.02,34.99,67.86,50.15,59.63,14.4,2.71,43.46,-43,1468,82.99,71379,49.517,386.9076,2701.2,99.585
3/19/2015,2.813,2.909,2.92,2.855,2.935,2.775,-6.63,-1.01,6.28,-7.12,44.52,35.64,69.64,49.5,55.92,14.67,2.73,44.66,-43,1468,82.99,76800,49.517,395.9143,2727.05,98.55
3/20/2015,2.786,2.831,2.813,2.92,2.928,2.776,-6.25,-1.51,6.2,-5.21,45.41,38.76,69.7,47.72,56.12,14.26,2.73,43.96,-43,1468,75.62,76417,49.517,392.022,2727.25,99.26
3/23/2015,2.733,2.741,2.786,2.813,2.919,2.762,-8.04,-4.13,5.52,-10.76,44.54,35.68,72.63,52.5,55.61,14.1,2.74,45.72,11,1479,75.62,74846,48.533,398.1667,2750.12,97.909
3/24/2015,2.786,2.751,2.733,2.786,2.756,2.691,-7.95,-4.4,5.02,-10.43,43.51,34.09,71.94,51.55,55.04,13.9,2.59,47.45,11,1479,75.62,78945,48.533,401.8157,2743.14,97.033
3/25/2015,2.723,2.784,2.786,2.733,2.81,2.735,-7.18,-3.56,5.16,-5.87,45.18,36.07,70.63,48.38,56.87,14.1,2.72,47.51,11,1479,75.62,75923,48.533,400.1744,2734.94,97.193
3/26/2015,2.672,2.733,2.723,2.786,2.793,2.712,-5.57,-1.76,5.47,-2.35,47.7,39.13,70.42,45.88,62.34,13.82,2.69,49.21,11,1479,75.62,69974,48.533,404.7179,2682.47,96.979
3/27/2015,2.59,2.666,2.672,2.723,2.756,2.649,-3.63,3.22,8.85,-4.52,46.91,31.52,71.14,49.09,53.24,13.49,2.6,51.43,11,1479,79.81,69894,48.533,413.3962,2678.52,97.436
3/30/2015,2.644,2.624,2.59,2.672,2.675,2.578,-3.4,4.87,7.68,-2.88,45.9,40.66,71.85,54.97,47.2,13.33,2.51,48.87,-18,1461,79.81,75098,44.196,402.7149,2694.78,97.291
3/31/2015,2.64,2.64,2.644,2.59,2.673,2.608,-2.54,5.45,8.16,-2.38,51.11,46.78,72.15,57.35,58.11,13.27,2.56,48.68,-18,1461,79.81,69239,44.196,402.4037,2728.62,97.975
4/1/2015,2.605,2.637,2.64,2.644,2.686,2.622,-3.62,6.43,5.72,-4.11,52.01,48.45,71.73,57.67,62.08,13.24,2.55,47.6,-18,1461,79.81,68226,44.196,396.6492,2717.28,98.357
4/2/2015,2.713,2.601,2.605,2.64,2.67,2.583,-5.24,-0.67,4.68,-2.17,51.96,53.69,72.38,50.33,63.05,13.1,2.47,50.09,-18,1461,79.81,65473,44.196,406.7056,2710.1,98.185
4/6/2015,2.65,2.681,2.713,2.605,2.719,2.591,-7.82,-3.32,5.8,-5.54,48.97,45.79,73.54,50.53,55.08,13.6,2.5,49.14,15,1476,75.18,63071,41.755,400.9675,2720.93,96.545
4/7/2015,2.68,2.655,2.65,2.713,2.698,2.633,-6.55,-2,5.77,-3.49,51.76,46.35,72.54,48.87,63.24,13.34,2.53,52.14,15,1476,75.18,63619,41.755,413.1444,2737.1,96.777
4/8/2015,2.619,2.666,2.68,2.65,2.709,2.647,-4.76,-0.04,6.88,-2.02,53.05,46.86,71.73,48.55,68.55,13.37,2.48,53.98,15,1476,75.18,64933,41.755,417.8683,2723.24,97.83
4/9/2015,2.528,2.624,2.619,2.68,2.669,2.611,-3.39,2.25,8.4,-0.09,53.21,49.34,72.53,46.23,70.27,13.18,2.44,50.42,15,1476,75.18,68841,41.755,404.0679,2739.85,97.94
4/10/2015,2.511,2.539,2.528,2.619,2.646,2.522,-0.99,6.03,9.12,2.76,53.04,49.14,72.46,45.36,70.24,12.75,2.44,50.79,15,1476,68.42,67854,41.755,406.3511,2738.26,99.155
4/13/2015,2.511,2.487,2.511,2.528,2.551,2.504,0.37,2.12,4.35,7.02,55.18,56.38,72.54,49.78,63.98,12.61,2.4,51.64,63,1539,68.42,58975,39.361,412.3651,2748.04,99.338
4/14/2015,2.53,2.507,2.511,2.511,2.543,2.475,1.2,3.77,5.22,9.23,55.06,51.54,72.15,51.25,67.6,12.59,2.42,51.91,63,1539,68.42,59644,39.361,412.7625,2742.8,99.49
4/15/2015,2.61,2.526,2.53,2.511,2.552,2.502,1.55,3.98,5.05,6.51,54.13,52.45,72.96,51.14,65.39,12.7,2.43,53.29,63,1539,68.42,61378,39.361,417.9534,2742.64,98.733
4/16/2015,2.684,2.598,2.61,2.53,2.625,2.491,1.35,4.37,6.45,6.49,53.21,54.04,73.11,43.96,65.9,13.03,2.43,56.39,63,1539,68.42,62167,39.361,430.8315,2759.39,98.319
4/17/2015,2.634,2.682,2.684,2.61,2.69,2.545,2.52,7.91,8.98,8.43,54.94,56.65,72.88,43.75,66.22,13.46,2.38,56.71,63,1539,64.06,61897,39.361,434.6675,2756.99,97.415
4/20/2015,2.536,2.592,2.634,2.684,2.693,2.625,2.36,5.52,11.42,5.83,56.07,52.07,73,49.3,67.56,13.24,2.4,55.74,89,1628,64.06,58779,44.183,431.7104,2720.26,97.52
4/21/2015,2.575,2.549,2.536,2.634,2.596,2.534,2.94,8.75,12.43,7.01,53.33,45.57,72.79,51.51,58.04,12.78,2.36,56.38,89,1628,64.06,61469,44.183,430.815,2741.54,97.941
4/22/2015,2.606,2.571,2.575,2.536,2.597,2.533,2.96,10.67,10.79,3.27,52.39,43.97,72.61,54.22,58.55,12.93,2.41,55.26,89,1628,64.06,62000,44.183,426.1574,2743.37,98.004
4/23/2015,2.531,2.602,2.606,2.575,2.622,2.554,2.29,10.69,7.29,0.56,51.55,39.9,72.84,54.54,59.87,13.05,2.44,56.16,89,1628,64.06,64703,44.183,426.5591,2748.9,97.932
4/24/2015,2.531,2.546,2.531,2.606,2.605,2.52,1.18,6.23,6.31,-1.63,51.08,42.4,72.96,53.69,59.64,12.76,2.42,57.74,89,1628,65.53,67890,44.183,435.0661,2762.04,97.278
4/27/2015,2.49,2.472,2.531,2.531,2.561,2.518,2.85,2.85,7.79,3.56,53.09,47.48,73.34,45.87,62.53,12.71,2.41,57.15,83,1711,65.53,63957,46.131,435.4213,2753.95,96.922
4/28/2015,2.517,2.482,2.49,2.531,2.494,2.443,4.66,8.85,10.68,5.48,53.84,49.07,73.14,48.66,60.71,12.39,2.34,56.99,83,1711,65.53,64663,46.131,434.0206,2728.49,96.765
4/29/2015,2.606,2.531,2.517,2.49,2.527,2.468,6.44,14.37,10.96,7.28,54.88,52.3,73.5,54.09,59.64,12.5,2.37,57.06,83,1711,65.53,63625,46.131,434.6655,2731.98,96.092
4/30/2015,2.751,2.59,2.606,2.517,2.612,2.511,6.12,9.19,8.07,7.92,56.64,53.77,73.57,58.48,60.66,12.78,2.42,58.58,83,1711,65.53,61485,46.131,440.9021,2715.06,95.209
5/1/2015,2.776,2.737,2.751,2.606,2.77,2.557,6.01,8.45,8.41,8.91,56.97,53.75,73.31,59.36,60.66,13.46,2.42,59.63,83,1711,66.23,62009,46.131,445.5848,2674.26,94.6
5/4/2015,2.821,2.738,2.776,2.751,2.8,2.714,6.34,5.39,10.47,13.59,62.22,64.79,72.3,60.8,66.54,13.71,2.57,59.15,74,1785,66.23,53948,51.093,443.8279,2693.46,95.297
5/5/2015,2.78,2.808,2.821,2.776,2.824,2.738,7.1,8.21,10.33,12.58,62.19,60.68,72.99,58.78,69.41,13.9,2.62,58.93,74,1785,66.23,55855,51.093,444.0336,2702.76,95.48
5/6/2015,2.776,2.791,2.78,2.821,2.821,2.766,6.45,8.11,7.92,10.43,61.23,60.51,72.76,57.03,70.53,13.79,2.64,60.4,74,1785,66.23,57254,51.093,450.6034,2664.74,95.076
5/7/2015,2.734,2.772,2.776,2.78,2.822,2.747,5.72,2.74,9.03,12.25,61.87,64.03,72.49,55.24,70.98,13.67,2.6,60.93,74,1785,66.23,57386,51.093,450.9736,2667.22,94.087
5/8/2015,2.88,2.735,2.734,2.776,2.821,2.711,5.87,3.41,11.66,14.09,63.04,65.71,72.92,53.02,72.53,13.55,2.62,58.94,74,1785,59.85,57919,51.093,441.8489,2680.06,94.635
5/11/2015,2.802,2.914,2.88,2.734,2.888,2.725,10.08,9.27,14.48,9.71,61.96,56.19,73.34,47.75,74.76,14.13,2.7,59.39,112,1897,59.85,59348,61.265,444.312,2702.24,94.794
5/12/2015,2.897,2.818,2.802,2.88,2.935,2.796,9.89,8.26,13.59,11.04,60.97,53.61,72.53,52.64,73.19,13.91,2.7,59.25,112,1897,59.85,61311,61.265,442.2767,2699.98,95.011
5/13/2015,2.935,2.896,2.897,2.802,2.931,2.785,10.37,9.16,13.57,11.21,58.92,49.77,72.73,57.41,66.48,14.32,2.73,60.75,112,1897,59.85,62129,61.265,450.8332,2695.07,94.534
5/14/2015,3.008,2.94,2.935,2.897,2.972,2.856,10.09,9.48,12.25,12.9,57.98,53,72.88,56.61,67.91,14.48,2.7,60.5,112,1897,59.85,61472,61.265,451.5235,2693.98,93.617
5/15/2015,3.016,3.017,3.008,2.935,3.02,2.888,10.46,9.47,12.96,14.43,59.79,56,72.96,56.95,69.51,14.84,2.72,59.88,112,1897,63.28,59336,61.265,451.8381,2718.54,93.457
5/18/2015,3.01,2.983,3.016,3.008,3.036,2.971,9.25,4.91,13.45,10.3,64.72,64.74,73.57,52.13,75.24,14.88,2.81,59.69,92,1989,63.28,55410,69.396,450.7582,2722.02,93.135
5/19/2015,2.948,3.02,3.01,3.016,3.048,2.978,11.35,8.69,14.63,12.67,62.08,53.93,72.88,54.42,72.82,14.9,2.87,59.43,92,1989,63.28,59293,69.396,448.7354,2744.49,94.221
5/20/2015,2.915,2.961,2.948,3.01,3.105,2.938,12.86,10.97,15.6,15.1,59.5,48.05,73.46,52.62,69.64,14.62,2.93,57.26,92,1989,63.28,61210,69.396,437.3931,2739.2,95.267
5/21/2015,2.949,2.939,2.915,2.948,3.021,2.902,13.84,12.85,16.24,15.45,58.59,48.86,72.99,54.19,69.98,14.46,2.83,58.98,92,1989,63.28,63095,69.396,440.5905,2741.78,95.448
5/22/2015,2.887,2.962,2.949,2.915,3.038,2.92,14.86,14.42,16.99,17.62,58.74,54.2,72.38,55.76,62.07,14.57,2.8,60.72,92,1989,60.53,60875,69.396,448.0815,2744.54,95.255
5/26/2015,2.822,2.878,2.887,2.949,2.97,2.881,13.91,16.67,14.36,17.49,66.02,65.22,71.26,57.35,73.3,14.15,2.72,59.72,112,2101,60.53,54217,77.994,441.9284,2739.71,96.014
5/27/2015,2.815,2.827,2.822,2.887,2.855,2.788,13.25,15.25,15.07,15.58,67.15,65.82,70.53,60,73.42,13.82,2.65,58.03,112,2101,60.53,56411,77.994,432.5913,2714.01,97.299
5/28/2015,2.706,2.837,2.815,2.822,2.887,2.797,12.91,15.03,16.01,12.43,68.02,66.85,72.22,61.93,74.82,13.78,2.63,57.51,112,2101,60.53,57177,77.994,427.2036,2738.66,97.371
5/29/2015,2.642,2.716,2.706,2.815,2.845,2.7,11.42,9.08,15.56,10.37,68.13,68.76,72.99,62.1,73.82,13.17,2.55,57.68,112,2101,57.5,57258,77.994,429.1645,2734.59,96.965
6/1/2015,2.649,2.615,2.642,2.706,2.722,2.633,12.4,14.74,16.13,12.06,64.27,54.42,74.3,69.16,72.01,12.87,2.43,60.3,132,2233,57.5,57240,85.962,439.0937,2721.05,96.907
6/2/2015,2.698,2.652,2.649,2.642,2.672,2.603,11.67,13.1,16.82,11.21,64.13,57.84,74.72,70.24,69.15,12.89,2.43,60.2,132,2233,57.5,58623,85.962,438.4762,2725.79,97.392
6/3/2015,2.634,2.703,2.698,2.649,2.723,2.599,9.99,11.14,13.5,11.97,64.36,63.27,75.19,66.66,69.36,13.08,2.36,61.26,132,2233,57.5,58206,85.962,443.4878,2728.94,95.835
6/4/2015,2.626,2.639,2.634,2.698,2.724,2.625,11.23,13.58,13.12,14.08,65.44,65.97,75.07,65.82,72.01,12.8,2.36,59.64,132,2233,57.5,57537,85.962,436.1949,2745.85,95.465
6/5/2015,2.59,2.628,2.626,2.634,2.675,2.556,13.19,14.52,14.46,14.86,66.75,68.04,75.46,65.7,73.66,12.75,2.35,58,132,2233,60.37,57557,85.962,428.7623,2720.31,95.461
6/8/2015,2.705,2.64,2.59,2.626,2.646,2.581,16.15,18.75,19.12,12.93,69.76,70.77,74.07,66.73,79.02,12.54,2.28,59.13,111,2344,60.37,57168,94.976,432.8845,2735.53,96.306
6/9/2015,2.846,2.704,2.705,2.59,2.712,2.624,16.37,18.79,19.32,12.87,70.8,69.71,74.65,70.4,76.99,13.12,2.28,58.14,111,2344,60.37,60204,94.976,432.2054,2715.88,95.299
6/10/2015,2.891,2.833,2.846,2.705,2.85,2.696,15.47,16.08,18.22,12.4,71.59,73.05,74.73,71.75,76.84,13.74,2.52,60.14,111,2344,60.37,61402,94.976,442.5434,2710.07,95.166
6/11/2015,2.825,2.906,2.891,2.846,2.922,2.825,15.74,15.86,17.75,13.05,71.36,71.74,74.23,69.87,78.3,14.02,2.52,61.43,111,2344,60.37,61345,94.976,447.2478,2740.62,94.646
6/12/2015,2.75,2.818,2.825,2.891,2.919,2.814,15.57,17.85,15.89,11.45,70.19,66.62,74.34,68.72,78.95,13.68,2.52,60.77,111,2344,63.67,60570,94.976,442.921,2749.26,94.976
6/15/2015,2.889,2.769,2.75,2.825,2.826,2.744,12.4,10.03,15,13.25,72.08,70.86,74.53,68.1,80.22,13.38,2.52,59.96,89,2433,63.67,59350,106.445,437.9269,2738.35,94.972
6/16/2015,2.894,2.907,2.889,2.75,2.919,2.764,13.18,11.09,17.03,13.6,71.6,67.78,74.84,69.48,81.03,14.03,2.62,59.52,89,2433,63.67,62641,106.445,434.3857,2726.6,94.81
6/17/2015,2.855,2.903,2.894,2.889,2.929,2.831,13.46,13.62,16.36,11.69,70.78,64.93,75.42,71.48,80.95,14.04,2.62,59.97,89,2433,63.67,63528,106.445,435.7234,2741.46,94.999
6/18/2015,2.777,2.85,2.855,2.894,2.955,2.839,12.7,11.12,15.83,12.18,71.52,67.52,75.84,73.22,81.29,13.86,2.65,59.92,89,2433,63.67,63629,106.445,436.43,2742.96,94.296
6/19/2015,2.816,2.784,2.777,2.855,2.882,2.772,13.38,13.46,15.24,13.8,71.93,66.6,75.99,74.44,79.53,13.51,2.5,60.45,89,2433,64.63,64074,106.445,437.4697,2771.02,94.042
6/22/2015,2.733,2.749,2.816,2.777,2.837,2.739,14.75,13.06,16.72,14.73,74.24,72.74,75.49,75.58,81.36,13.6,2.5,59.61,73,2506,64.63,61795,115.3,431.5521,2767.79,94.085
6/23/2015,2.726,2.738,2.733,2.816,2.753,2.715,15.87,14.91,17.38,14.56,74.48,73.06,75.38,73.93,82.45,13.27,2.45,59.68,73,2506,64.63,64573,115.3,433.1497,2781.29,94.329
6/24/2015,2.759,2.726,2.726,2.733,2.792,2.712,15.86,15.63,16.91,15.99,73.21,69.19,75.69,74.39,81.51,13.21,2.45,61.01,73,2506,64.63,65865,115.3,438.791,2786.39,95.432
6/25/2015,2.85,2.769,2.759,2.726,2.779,2.711,17.11,17.74,17.8,17.27,73.7,71.27,76.03,75.52,81.03,13.38,2.49,60.27,73,2506,64.63,64862,115.3,435.1605,2758.18,95.264
6/26/2015,2.773,2.843,2.85,2.759,2.854,2.752,15.9,19.55,19.02,16.99,73.58,70.57,75.42,75.82,80.95,13.72,2.56,59.7,73,2506,66.78,64017,115.3,434.1638,2752.11,95.187
6/29/2015,2.805,2.755,2.773,2.85,2.846,2.743,17.59,22.54,23.06,16.21,71.31,69.07,75.96,78.92,74.04,13.32,2.48,59.63,73,2579,66.78,59312,122.992,435.741,2746.7,95.472
6/30/2015,2.832,2.806,2.805,2.773,2.844,2.735,16.81,21.05,20.52,16.47,72.68,70.19,76.07,79.14,76.59,13.46,2.48,58.33,73,2579,66.78,61328,122.992,431.6088,2682.48,94.79
7/1/2015,2.783,2.816,2.832,2.805,2.837,2.752,16.58,19.65,19.96,15.8,73.21,68.07,76.53,79.23,76.39,13.56,2.47,59.47,73,2579,66.78,62315,122.992,440.6926,2696.48,95.485
7/2/2015,2.822,2.798,2.783,2.832,2.856,2.761,17.04,19.37,20.99,16.14,72.24,66.94,76.65,77.68,76.71,13.34,2.55,56.96,73,2579,66.78,62528,122.992,432.6357,2705.01,96.31
7/6/2015,2.756,2.771,2.822,2.783,2.885,2.795,16.21,13.48,21.64,19.15,73.78,73.84,76.69,72.12,74.73,13.56,2.57,56.93,87,2666,62.98,57916,134.842,433.8088,2697.09,96.113
7/7/2015,2.716,2.758,2.756,2.822,2.857,2.731,16.31,15.35,21.79,19,72.34,67.33,76.76,70.33,77.22,13.22,2.58,52.53,87,2666,62.98,60473,134.842,412.5095,2691.02,96.298
7/8/2015,2.685,2.729,2.716,2.756,2.8,2.688,16.59,14.71,21.33,18,70.9,62.64,77.15,70.24,79.67,13.07,2.54,52.33,87,2666,62.98,61938,134.842,409.2895,2699.41,96.865
7/9/2015,2.726,2.687,2.685,2.716,2.756,2.676,16.5,19.79,22.4,16.95,70.08,62.95,77.26,69.26,79.74,12.9,2.58,51.65,87,2666,62.98,62151,134.842,409.3559,2653.56,96.294
7/10/2015,2.77,2.732,2.726,2.685,2.738,2.644,17.4,21.64,22.18,17.31,71.34,67.02,77.74,70.21,79.67,13.1,2.53,52.78,87,2666,61.84,62536,134.842,415.4542,2662.01,96.606
7/13/2015,2.864,2.816,2.77,2.726,2.807,2.723,17.97,20.59,17.23,21.18,75.12,76.19,78.38,73.58,82.44,13.3,2.66,52.74,98,2764,61.84,62118,143.991,415.4817,2694.83,96.025
7/14/2015,2.84,2.868,2.864,2.77,2.883,2.787,17.61,18.92,16.5,21,75.73,77.27,78.95,74.06,82.94,13.71,2.85,52.2,98,2764,61.84,64947,143.991,413.6596,2721.34,96.858
7/15/2015,2.918,2.845,2.84,2.864,2.934,2.822,16.9,18.25,17.23,16.49,74.51,72.45,77.8,73.44,82.39,13.61,2.91,53.04,98,2764,61.84,65863,143.991,414.7912,2737.18,96.643
7/16/2015,2.854,2.914,2.918,2.84,2.929,2.832,16.56,17.7,16.67,13.66,72.7,70.32,77.8,72.98,80.25,13.94,2.83,51.41,98,2764,61.84,64482,143.991,407.8479,2721.12,97.166
7/17/2015,2.87,2.863,2.854,2.918,2.93,2.842,15.44,13.27,16.27,15.65,72.64,71.62,78.07,72.59,81.33,13.74,2.8,50.91,98,2764,66.72,63267,143.991,406.1479,2735.99,97.668
7/20/2015,2.823,2.843,2.87,2.854,2.897,2.826,17.61,16.88,21.03,14.46,76.11,75.02,76.34,70.8,84.26,13.86,2.75,50.89,59,2823,66.72,63732,151.368,404.7307,2724.5,97.862
7/21/2015,2.882,2.84,2.823,2.87,2.874,2.785,16.49,17.77,18.47,13.7,75.09,71.46,76.69,71.87,83.28,13.59,2.66,50.15,59,2823,66.72,66363,151.368,400.1103,2716.9,98.029
7/22/2015,2.897,2.89,2.882,2.823,2.894,2.822,16.02,18.34,16.75,12.32,73.64,68.82,76.73,72.83,82.03,13.87,2.78,50.36,59,2823,66.72,65447,151.368,400.8619,2702.06,97.328
7/23/2015,2.816,2.894,2.897,2.882,2.915,2.841,14.98,15.69,15.48,13.3,73.12,70.32,77.45,73.33,80.63,13.89,2.82,49.19,59,2823,66.72,63746,151.368,395.3517,2704.45,97.598
7/24/2015,2.776,2.807,2.816,2.897,2.951,2.804,15.06,15.2,16.17,12.72,73.93,74.02,77.49,73.8,79.95,13.54,2.82,48.45,59,2823,68.43,62876,151.368,391.0101,2685.57,97.115
7/27/2015,2.789,2.745,2.776,2.816,2.815,2.773,14.61,14.82,13.75,14.09,75.23,77.26,77.34,74.96,81.64,13.35,2.75,48.14,49,2872,68.43,62789,158,386.6411,2655.49,97.244
7/28/2015,2.821,2.796,2.789,2.776,2.82,2.735,14.74,13.99,15.32,12.49,75.42,77.91,77.84,71.42,82.54,13.37,2.76,47.39,49,2872,68.43,65365,158,380.6566,2629.15,96.502
7/29/2015,2.886,2.841,2.821,2.789,2.852,2.777,15.62,16.3,16.85,13.13,75.37,76.31,78.23,69.38,83.6,13.48,2.83,47.98,49,2872,68.43,67400,158,383.5371,2657.54,96.772
7/30/2015,2.768,2.858,2.886,2.821,2.895,2.831,16.09,16.64,18.31,12.87,75.44,73.62,79.23,69.97,83.34,13.71,2.85,48.79,49,2872,68.43,67762,158,384.7555,2676.4,96.976
7/31/2015,2.716,2.782,2.768,2.886,2.895,2.762,17.01,17.1,20.17,13.31,75.27,73.47,78.69,72.46,80.69,13.33,2.83,48.52,49,2872,71.94,67566,158,383.6512,2683.07,97.56
8/3/2015,2.748,2.725,2.716,2.768,2.788,2.706,17.7,18.09,21.08,13.99,75.07,74.19,78.34,75.61,79.6,13.04,2.79,47.12,38,2910,71.94,62009,163.036,378.3843,2691.08,97.336
8/4/2015,2.812,2.757,2.748,2.716,2.785,2.707,18.14,20.78,19.28,14.23,74.03,69.39,78.26,74.04,80.69,13.2,2.8,45.17,38,2910,71.94,64253,163.036,368.6767,2679.09,97.494
8/5/2015,2.798,2.811,2.812,2.748,2.821,2.752,16.82,17.79,16.97,16.04,73.92,69.41,78.34,74.67,81.85,13.45,2.88,45.74,38,2910,71.94,64653,163.036,371.3299,2676.09,97.931
8/6/2015,2.813,2.782,2.798,2.812,2.863,2.78,15.29,15.38,15.06,16.72,73.65,69.43,79.07,74.95,80.05,13.34,2.91,45.15,38,2910,71.94,64642,163.036,369.3241,2684.27,97.958
8/7/2015,2.798,2.805,2.813,2.798,2.838,2.726,14.57,13.65,15.98,13.75,73.1,70.09,78.46,74.28,78.68,13.46,2.85,44.66,38,2910,67.17,64209,163.036,367.4255,2653.2,97.833
8/10/2015,2.842,2.835,2.798,2.813,2.824,2.761,17.51,19.71,17.47,16.58,73.45,72.64,78.76,71.96,81.65,13.41,2.82,43.87,65,2975,67.17,62536,170.564,365.4186,2642.1,97.563
8/11/2015,2.844,2.835,2.842,2.798,2.852,2.818,18.86,20.86,19.24,17.39,73.46,71.37,78.15,73.76,82.7,13.6,2.82,44.96,65,2975,67.17,64424,170.564,375.0413,2677.21,97.159
8/12/2015,2.931,2.858,2.844,2.842,2.861,2.796,18.76,21.35,20.37,15.45,72.61,69.79,78.49,75.16,79.57,13.66,2.84,43.08,65,2975,67.17,64260,170.564,367.051,2653.42,97.29
8/13/2015,2.787,2.921,2.931,2.844,2.934,2.852,18.18,21.81,21.69,18.2,72.91,71.33,79.23,76.51,77.57,14.01,2.91,43.3,65,2975,67.17,64301,170.564,367.8911,2650.11,96.262
8/14/2015,2.801,2.809,2.787,2.931,2.931,2.784,18.35,22.83,20.73,20.31,73.95,74.21,79.3,77.69,76.85,13.43,2.94,42.23,65,2975,67.85,64376,170.564,365.6709,2646.09,96.445
8/17/2015,2.728,2.774,2.801,2.787,2.836,2.781,16.1,11.57,16.63,22.46,74.41,74.06,78.65,74.32,78.51,13.45,2.86,42.5,52,3027,67.85,63335,176.374,365.0184,2660.33,96.52
8/18/2015,2.704,2.73,2.728,2.801,2.788,2.718,16.38,13.86,17.88,20.79,73.23,69.35,77.96,72.4,77.01,13.12,2.85,41.87,52,3027,67.85,65141,176.374,362.4,2685.65,96.806
8/19/2015,2.716,2.715,2.704,2.728,2.735,2.68,16.32,14.43,19.82,19.92,72.02,66.28,77.88,69.46,78.14,13.02,2.81,42.62,52,3027,67.85,64427,176.374,362.2699,2670.37,97.04
8/20/2015,2.755,2.709,2.716,2.704,2.739,2.694,16.72,17.94,19.81,20.04,70.18,63.18,77.61,68.51,77.36,12.96,2.78,40.8,52,3027,67.85,63059,176.374,354.7857,2644.13,96.359
8/21/2015,2.676,2.753,2.755,2.716,2.788,2.694,16.2,14.96,17.22,17.88,69.8,62.87,78.26,72.2,74.68,13.16,2.72,41.14,52,3027,67.04,61654,176.374,355.1996,2577.09,95.98
8/24/2015,2.65,2.654,2.676,2.755,2.76,2.67,15.29,14.43,17.73,18.81,69.39,62.14,79.84,69.05,78.8,12.78,2.71,40.45,67,3094,67.04,60927,181.697,348.1086,2526.07,95.008
8/25/2015,2.685,2.671,2.65,2.676,2.696,2.624,15.71,17.21,17.25,16.11,69.23,60.51,78.03,72.76,74.2,12.63,2.68,38.24,67,3094,67.04,62932,181.697,336.8843,2426.42,93.332
8/26/2015,2.693,2.694,2.685,2.65,2.703,2.652,15.69,17.29,17.27,14.5,69.31,61.55,78.88,74.74,70.65,12.77,2.71,39.31,67,3094,67.04,62692,181.697,339.7486,2407.31,94.53
8/27/2015,2.638,2.681,2.693,2.685,2.714,2.668,16.16,17.35,19.04,14.89,69.37,63.47,78.38,73.5,70.11,12.74,2.74,38.6,67,3094,67.04,62079,181.697,335.507,2468.75,95.1
8/28/2015,2.715,2.677,2.638,2.693,2.696,2.629,16.07,18.43,18.58,15.86,69.76,65.79,77.88,73.81,72.07,12.64,2.74,42.56,67,3094,64.54,61746,181.697,353.6202,2526.9,95.61
8/31/2015,2.689,2.681,2.715,2.638,2.725,2.664,15.85,15.75,13.12,20.49,71.53,72.31,79.69,72.42,74.86,12.86,2.79,45.22,96,3190,64.54,59277,190.632,365.6513,2544.78,96.106
9/1/2015,2.702,2.686,2.689,2.715,2.692,2.643,15.12,14.3,12.53,21.43,72.17,73.61,79.49,70.84,76.55,12.7,2.77,49.2,96,3190,64.54,61954,190.632,380.848,2529.82,95.824
9/2/2015,2.648,2.689,2.702,2.689,2.721,2.67,14.46,14.36,12.31,21.47,73.1,75.42,79.32,71.76,79.03,12.71,2.81,45.41,96,3190,64.54,63679,190.632,364.1357,2462.67,95.45
9/3/2015,2.725,2.638,2.648,2.702,2.699,2.632,14.83,12.41,10.78,22.2,74,76.84,79.19,73.19,79.9,12.46,2.83,46.25,96,3190,64.54,64313,190.632,366.6423,2500.65,95.828
9/4/2015,2.655,2.71,2.725,2.648,2.735,2.633,13.79,8.98,10.39,21.84,73.26,76.47,78.5,70.62,80.11,12.84,2.74,46.75,96,3190,67.17,64040,190.632,369.6658,2506.18,96.405
9/8/2015,2.71,2.651,2.655,2.725,2.717,2.648,13.43,9.02,12.8,21.77,72.19,72.41,78.57,66.43,78.5,12.54,2.7,46.05,72,3262,67.17,60797,199.664,364.873,2481.15,96.229
9/9/2015,2.651,2.693,2.71,2.655,2.722,2.641,12.67,10.23,13.48,20.07,71.8,68.88,79.07,66.77,78.45,12.77,2.7,45.94,72,3262,67.17,63732,199.664,366.926,2537.06,95.985
9/10/2015,2.683,2.661,2.651,2.71,2.707,2.641,13.03,10.96,15.6,17.59,71.17,66.19,78.65,68.86,77.15,12.55,2.77,44.15,72,3262,67.17,64390,199.664,359.9198,2508.2,96.012
9/11/2015,2.693,2.677,2.683,2.651,2.733,2.656,13.46,13.93,17.69,15.26,68.71,62.57,78.69,68.31,75.23,12.65,2.75,45.92,72,3262,65.69,63590,199.664,366.6428,2515.21,95.456
9/14/2015,2.758,2.702,2.693,2.683,2.717,2.66,12.05,10.82,13.24,13.77,64.4,60.37,79.49,71.76,62.21,12.75,2.81,44.63,74,3336,65.69,57270,210.565,363.4742,2526.23,95.194
9/15/2015,2.728,2.768,2.758,2.693,2.775,2.692,11.23,7.25,11.18,16.1,65.77,66.56,79.01,69.37,65.18,13.03,2.85,44,74,3336,65.69,57778,210.565,359.6135,2516.37,95.246
9/16/2015,2.66,2.734,2.728,2.758,2.794,2.721,11.6,7.09,10.18,18.62,67.75,71.14,78.22,66.53,68.93,12.89,2.93,44.59,74,3336,65.69,57748,210.565,360.4379,2543.23,95.611
9/17/2015,2.652,2.668,2.66,2.728,2.736,2.657,11.74,6.98,10.65,20.57,68.13,71.84,78.64,63.13,71.93,12.61,2.87,47.15,74,3336,65.69,57870,210.565,368.3738,2565.67,95.42
9/18/2015,2.605,2.644,2.652,2.66,2.679,2.603,12,8.52,11.82,19.31,67.91,69.21,78.15,62.3,73.18,12.56,2.83,46.9,74,3336,60.07,58672,210.565,365.7614,2572.21,94.55
9/21/2015,2.573,2.585,2.605,2.652,2.665,2.602,11.52,10.55,12.19,14.16,65.16,60.66,78.99,65.91,71.87,12.33,2.74,44.68,105,3441,60.07,59220,223.432,357.5946,2535.93,94.863
9/22/2015,2.577,2.576,2.573,2.605,2.596,2.55,10.43,6.92,11.63,16.17,65.41,63.89,79.76,66.61,69.49,12.16,2.7,46.68,105,3441,60.07,59851,223.432,364.5834,2533.59,95.894
9/23/2015,2.569,2.576,2.577,2.573,2.598,2.562,10.04,8.06,12.11,14.63,65.33,64.55,79.34,65.78,70.37,12.12,2.74,45.83,105,3441,60.07,60272,223.432,362.2761,2494.7,96.283
9/24/2015,2.591,2.568,2.569,2.577,2.604,2.558,10.38,10.43,11.7,14.02,65.64,64.73,78.15,66.97,72.72,12.13,2.69,44.48,105,3441,60.07,59997,223.432,357.2586,2486,96.068
9/25/2015,2.564,2.586,2.591,2.569,2.594,2.521,10.22,12.73,12.19,14,65.96,64.47,78.46,67.87,72.72,12.28,2.66,44.91,105,3441,61.65,59491,223.432,358.3102,2473.34,95.994
9/28/2015,2.563,2.608,2.564,2.591,2.607,2.529,9.73,6.8,11.37,17.28,65.74,66.46,77.94,68.05,71.65,12.08,2.66,45.7,96,3537,61.65,57106,233.884,362.0137,2452.31,96.269
9/29/2015,2.586,2.669,2.563,2.564,2.64,2.549,10.27,7.74,13.4,16.29,66.26,63.94,77.46,66.52,72.94,12.27,2.8,44.43,96,3537,61.65,58562,233.884,355.6992,2373.88,96.034
9/30/2015,2.524,2.585,2.586,2.563,2.673,2.581,10.94,11.35,14.72,12.67,64.93,56.58,77.15,66.58,74,11.88,2.68,45.23,96,3537,61.65,61235,233.884,358.6688,2363.22,95.855
10/1/2015,2.433,2.522,2.524,2.586,2.611,2.511,10.66,13.97,15.2,10.05,62.68,54.51,76.65,67.75,70.69,11.61,2.65,45.09,96,3537,61.65,62636,233.884,359.3369,2402.66,96.35
10/2/2015,2.451,2.429,2.433,2.524,2.541,2.42,10,14.37,15.13,9.14,60.06,53.31,76.12,67.6,64.75,11.17,2.54,44.74,96,3537,62.4,62423,233.884,356.7047,2400.21,96.185
10/5/2015,2.45,2.451,2.451,2.433,2.471,2.403,7.26,2.89,13.43,9.98,57.46,52.5,77.66,56.8,64.11,11.28,2.54,45.54,97,3634,62.4,58685,249.706,358.2474,2439.03,95.83
10/6/2015,2.47,2.459,2.45,2.451,2.491,2.429,8.01,5.39,14.38,11.17,59.08,56.85,77.73,57.7,67.83,11.31,2.47,46.26,97,3634,62.4,58934,249.706,363.648,2488.5,96.106
10/7/2015,2.474,2.476,2.47,2.45,2.489,2.436,7.99,7.48,14.01,11.91,60.69,58.25,76.16,58.44,71.23,11.37,2.47,48.53,97,3634,62.4,59115,249.706,374.6524,2472.76,95.455
10/8/2015,2.498,2.474,2.474,2.47,2.531,2.455,7.55,9.43,12.45,10.08,61.47,57.99,75.39,59.14,71.22,11.39,2.49,47.81,97,3634,62.4,60067,249.706,372.5723,2505.66,95.497
10/9/2015,2.502,2.488,2.498,2.474,2.53,2.452,6.68,10.31,13.04,8.67,62.66,58.9,74.77,60.81,71.69,11.44,2.5,49.43,97,3634,62.04,60353,249.706,378.0004,2526.63,95.318
10/12/2015,2.535,2.52,2.502,2.498,2.523,2.469,7.16,8.09,10.91,14,62.92,65.65,78.12,63.1,62.8,11.58,2.51,49.63,97,3731,62.04,59024,254.09,379.5216,2531.97,94.813
10/13/2015,2.498,2.544,2.535,2.502,2.559,2.51,7.34,8.53,10.7,14.7,61.56,57.68,77.65,61.21,66.1,11.67,2.52,47.1,97,3731,62.04,59635,254.09,370.2623,2526.73,94.841
10/14/2015,2.518,2.499,2.498,2.535,2.555,2.487,7.73,8.82,11.53,10.47,60.32,52.99,76,62.5,63.78,11.46,2.55,46.66,97,3731,62.04,61639,254.09,368.5896,2498.63,94.759
10/15/2015,2.453,2.538,2.518,2.498,2.539,2.472,6.7,7.17,11.9,7.73,59.48,53.88,76.61,62.67,62.94,11.64,2.54,46.64,97,3731,62.04,62939,254.09,368.1917,2481.35,93.931
10/16/2015,2.43,2.453,2.453,2.518,2.578,2.449,5.15,5.7,13.32,8.18,58.16,50.84,76.73,59.51,65.23,11.31,2.59,46.38,97,3731,65.04,62889,254.09,366.5813,2525,94.371
10/19/2015,2.442,2.464,2.43,2.453,2.466,2.41,4.16,10.14,11.82,1.95,52.06,47.57,78.3,60.33,51.81,11.15,2.45,47.26,82,3813,65.04,67216,260.741,369.2053,2525.17,94.54
10/20/2015,2.476,2.453,2.442,2.43,2.481,2.435,4.22,9.31,10.91,6.06,54.82,57.02,77.23,58.61,54.49,11.21,2.47,45.89,82,3813,65.04,65301,260.741,361.6075,2527.9,94.928
10/21/2015,2.404,2.493,2.476,2.442,2.499,2.444,4.37,7.14,11.07,7.85,57.98,58.73,77.61,55.09,59.92,11.31,2.48,45.55,82,3813,65.04,61010,260.741,362.7341,2524.34,94.913
10/22/2015,2.386,2.398,2.404,2.476,2.493,2.379,4.19,8.95,11.06,7.27,57.84,56.17,77.35,51.93,64.2,10.95,2.42,45.2,82,3813,65.04,60339,260.741,359.1479,2489.68,95.035
10/23/2015,2.286,2.372,2.386,2.404,2.435,2.356,4.57,7.7,10.12,7.32,57.41,53.14,77.42,51.21,66.66,10.86,2.43,45.38,82,3813,67.43,61636,260.741,359.9578,2508.68,96.378
10/26/2015,2.062,2.221,2.286,2.386,2.374,2.275,3.06,3.47,10.16,4.99,54.13,47.68,74.89,53.41,63.17,10.52,2.37,44.6,62,3875,67.43,63403,260.758,357.0905,2528.9,97.127
10/27/2015,2.092,2.074,2.062,2.286,2.238,2.05,2.06,4.29,8.94,4.01,53.3,48.64,75.92,52.77,62.74,9.99,2.37,43.98,62,3875,67.43,65305,260.758,354.6495,2522.08,96.861
10/28/2015,2.033,2.096,2.092,2.062,2.115,1.948,2.05,0.69,10.17,5.92,53.47,49.96,75.89,49.81,62.22,9.99,2.45,43.2,62,3875,67.43,66154,260.758,351.2399,2500.31,96.906
10/29/2015,2.257,2.301,2.033,2.092,2.104,2.006,1.87,1.81,8.64,8.33,54.19,46.29,76.08,48.19,62.81,9.67,2.45,45.94,62,3875,67.43,65025,260.758,361.5774,2555.71,97.782
10/30/2015,2.321,2.248,2.257,2.033,2.372,2.235,3.01,3.83,8.66,6.53,52.22,41.81,76.05,47.5,59.29,9.5,2.47,46.06,62,3875,69.16,67828,260.758,360.4427,2537.05,97.282
11/2/2015,2.256,2.268,2.321,2.257,2.336,2.188,1.4,2.12,6.1,7.67,55.33,52.31,77.46,53.37,63.23,9.81,2.33,46.59,56,3931,69.16,62940,261.756,363.4441,2533.73,96.946
11/3/2015,2.253,2.254,2.256,2.321,2.278,2.231,1.22,0.65,5.58,7.64,55.7,54.44,76.8,52.17,64.24,9.49,2.31,46.14,56,3931,69.16,64427,261.756,360.5356,2578.02,96.928
11/4/2015,2.262,2.276,2.253,2.256,2.293,2.236,1.1,-0.11,5.97,8.44,55.76,55.69,76.69,48.58,65.33,9.56,2.42,47.9,56,3931,69.16,65382,261.756,368.1716,2584.12,97.158
11/5/2015,2.364,2.266,2.262,2.253,2.317,2.255,1.02,-0.56,5.99,9.21,55.83,58.08,77.38,41.85,67.12,9.57,2.46,46.32,56,3931,69.16,65812,261.756,360.0661,2581.82,97.95
11/6/2015,2.371,2.364,2.364,2.262,2.383,2.249,0.87,-1.98,5.12,11.56,55.72,54.7,76.92,38.03,69.42,10.01,2.46,45.2,56,3931,68.92,65918,261.756,355.4139,2579.12,97.936
11/9/2015,2.3,2.373,2.371,2.364,2.398,2.317,-0.55,1.29,4.89,3.89,47.67,43.87,75.92,42.54,53.45,9.89,2.41,44.29,54,3985,68.92,71161,266.687,353.6779,2585.07,99.168
11/10/2015,2.32,2.305,2.3,2.371,2.387,2.274,-0.38,-2.2,5.23,5.44,48.33,45.04,75.65,44.06,52.87,9.7,2.38,43.87,54,3985,68.92,71368,266.687,350.9773,2558.55,98.979
11/11/2015,2.263,2.332,2.32,2.3,2.364,2.292,-0.23,-1.62,5.12,5.07,49.43,46.24,75.92,40.72,54.96,9.79,2.42,44.21,54,3985,68.92,71055,266.687,351.537,2564.12,99.293
11/12/2015,2.26,2.265,2.263,2.32,2.35,2.249,-0.81,-1.45,3.53,6.19,48.53,46.29,76.27,35.92,57.92,9.56,2.39,42.93,54,3985,68.92,70350,266.687,348.067,2546.53,99.013
11/13/2015,2.361,2.285,2.26,2.263,2.313,2.234,-0.68,-1.8,3.43,5.41,47.04,42.63,75.64,36.91,54.52,9.62,2.39,41.75,54,3985,73.48,71338,266.687,343.682,2500.11,98.649
11/16/2015,2.385,2.449,2.361,2.26,2.391,2.284,-0.88,1.06,2.12,4.08,46.47,48.62,75.04,44.01,50.73,9.94,2.42,40.74,15,4000,73.48,68995,269.47,339.4793,2482.62,98.998
11/17/2015,2.371,2.333,2.385,2.361,2.46,2.33,-1.54,-3.27,1.78,3.91,46.97,49.76,74.84,36.61,55.07,9.88,2.47,41.74,15,4000,73.48,69760,269.47,339.2868,2505.36,99.442
11/18/2015,2.347,2.368,2.371,2.385,2.396,2.285,-1.33,-1.05,2.92,4.77,47.55,50.45,74.2,35.56,64.77,9.88,2.44,40.67,15,4000,73.48,69990,269.47,335.889,2499.45,99.631
11/19/2015,2.276,2.328,2.347,2.371,2.41,2.328,-2.49,-8.61,0.34,8.5,47.47,47.29,74.96,37.89,59.06,9.72,2.49,40.75,15,4000,73.48,68419,269.47,337.0207,2539.12,99.652
11/20/2015,2.145,2.26,2.276,2.347,2.376,2.255,-3.16,-8.27,0.74,6.67,44.91,35.17,75.85,37.58,53.26,9.36,2.53,40.54,15,4000,75.87,72360,269.47,337.4616,2531.22,98.989
11/23/2015,2.21,2.111,2.145,2.276,2.275,2.123,-2.97,-1.89,3.32,-3.14,36.78,26.87,75.31,36.56,35.63,8.97,2.45,40.39,9,4009,75.87,86789,269.958,337.7184,2542.62,99.565
11/24/2015,2.2,2.206,2.21,2.145,2.226,2.051,-4.8,-4.48,1.06,-3.22,38.37,33.39,74.66,39.08,39.28,9.11,2.45,41.75,9,4009,75.87,87103,269.958,338.7375,2550.31,99.803
11/25/2015,2.206,2.196,2.2,2.21,2.218,2.13,-6.77,-11.79,-0.9,-2.06,41.6,37.02,74.04,40.33,45.14,9.05,2.38,42.87,9,4009,75.87,81010,269.958,343.3872,2563.83,99.527
11/27/2015,2.212,2.289,2.206,2.2,2.235,2.133,-4.82,-8.26,2.73,1.38,43.96,36.66,74.83,29.27,58.32,8.98,2.31,43.04,9,4009,86.46,69333,269.958,343.7227,2577.24,99.795
11/30/2015,2.235,2.175,2.212,2.206,2.305,2.205,-5.28,-2.85,3.83,-1.95,38.54,29.47,74.7,25.38,56.66,8.71,2.31,41.71,-53,3956,86.46,81040,266.467,337.2942,2584.26,100.02
12/1/2015,2.231,2.23,2.235,2.212,2.25,2.175,-6.3,-3.87,2.76,-1.09,38.84,32.85,73.96,23.94,57.66,8.72,2.29,41.65,-53,3956,86.46,81317,266.467,336.1496,2573.28,100.17
12/2/2015,2.165,2.221,2.231,2.235,2.259,2.193,-5.49,-4.65,2.56,1.28,40.22,34.13,73.65,26.11,53.7,8.72,2.3,41.85,-53,3956,86.46,80022,266.467,337.6981,2590.7,99.795
12/3/2015,2.181,2.174,2.165,2.231,2.225,2.151,-4.66,-2.08,3.7,0.65,40.15,30.9,73.61,29.7,45.89,8.48,2.17,39.94,-53,3956,86.46,80654,266.467,328.3091,2563.82,99.993
12/4/2015,2.186,2.198,2.181,2.165,2.2,2.131,-5.06,-1.01,3.86,-0.22,38.92,32.73,73.38,34.58,41.1,8.55,2.11,41.08,-53,3956,86.76,83569,266.467,333.439,2521.67,97.621
12/7/2015,2.067,2.159,2.186,2.181,2.211,2.167,-3.83,-1.27,4.37,2.53,41.97,36.91,73.2,36.5,48.64,8.53,2.09,39.97,-76,3880,86.76,77556,265.701,331.3569,2549.4,98.354
12/8/2015,2.07,2.068,2.067,2.186,2.162,2.06,-3.59,-0.11,3.99,1.25,43.21,39.3,72.77,41.07,49.92,8.08,2.09,37.65,-76,3880,86.76,76928,265.701,320.0561,2514.64,98.655
12/9/2015,2.062,2.08,2.07,2.067,2.093,2.014,-4.17,-1.26,4.61,1.79,44.61,41.66,72.32,44.74,49.98,8.11,2.1,37.51,-76,3880,86.76,74782,265.701,318.9979,2501.98,98.474
12/10/2015,2.015,2.065,2.062,2.07,2.118,2.048,-3.66,-1.81,3.49,3.11,45.94,44.25,74,45.57,52.56,8.06,2.2,37.16,-76,3880,86.76,71689,265.701,319.067,2476.28,97.345
12/11/2015,1.99,2.003,2.015,2.062,2.099,1.999,-3.8,-4.39,2.22,3.73,47.83,45.85,74.43,43.42,57.01,7.83,2.12,36.76,-76,3880,85.12,69257,265.701,319.5453,2484.59,97.939
12/14/2015,1.894,1.913,1.99,2.015,2.011,1.959,-4.57,-5.4,0.93,2.77,47.42,47.11,71.97,33.33,64.46,7.72,2.08,35.62,-34,3846,85.12,65537,263.112,313.9194,2434.75,97.565
12/15/2015,1.822,1.9,1.894,1.99,1.923,1.862,-5.26,-8.3,0.21,4.31,45.07,40.51,72.39,30.38,53.56,7.41,2.07,36.31,-34,3846,85.12,71357,263.112,312.3952,2419.43,97.604
12/16/2015,1.79,1.804,1.822,1.894,1.905,1.795,-5.87,-7.51,-0.07,0.71,42.13,36.07,73.81,25.09,53.26,7.04,2.1,37.35,-34,3846,85.12,77839,263.112,314.2444,2450.5,98.217
12/17/2015,1.755,1.825,1.79,1.822,1.849,1.775,-7.69,-11.44,-1.04,0.01,40.02,34.78,73.88,23.02,54.43,7.15,2.1,35.52,-34,3846,85.12,81999,263.112,307.7379,2486.95,97.871
12/18/2015,1.767,1.738,1.755,1.79,1.854,1.734,-8.97,-15.09,-1.86,0.68,37.66,25.9,73.34,22.62,44.98,6.92,2.16,34.95,-34,3846,78.29,86372,263.112,305.491,2456,99.27
12/21/2015,1.911,1.836,1.767,1.755,1.805,1.684,-9.49,-8.71,0.47,-3.88,38.5,34.34,72.18,34.2,43.82,6.96,2.16,34.73,-32,3814,78.29,83288,262.926,307.3863,2426.76,98.703
12/22/2015,1.888,1.929,1.911,1.767,1.948,1.787,-9.31,-10.99,-1.76,-1.32,41.51,34.5,72.58,34.52,54.4,7.43,2.2,34.74,-32,3814,78.29,78298,262.926,305.9356,2439.98,98.363
12/23/2015,1.983,1.912,1.888,1.911,1.939,1.863,-9.47,-13.69,-2.5,0.44,44.81,37.97,72.31,34.72,61.51,7.3,2.2,36.14,-32,3814,78.29,73960,262.926,305.0127,2459.27,98.235
12/24/2015,2.029,1.994,1.983,1.888,2.009,1.871,-8.98,-15.11,-3.01,3.62,45.89,40.55,72.65,30.49,64.71,7.59,2.15,37.5,-32,3814,78.29,69656,262.926,311.729,2493.67,98.341
12/28/2015,2.228,2.082,2.029,1.983,2.052,1.977,-12.23,-13.01,-1.85,-5.4,38.26,23.78,72.84,17.75,64.74,7.69,2.12,38.1,-58,3756,87.31,78917,257.607,314.0067,2495.89,97.847
12/29/2015,2.372,2.238,2.228,2.029,2.248,2.067,-13.29,-14.59,-2.7,-9.58,35.32,24.99,72.07,19.76,56.89,8.42,2.24,36.81,-58,3756,87.31,88611,257.607,309.4641,2485.25,97.919
12/30/2015,2.214,2.322,2.372,2.228,2.387,2.235,-12.15,-14.57,-2.83,-6.62,36.35,23.88,70.93,18.84,49.14,8.64,2.46,37.87,-58,3756,87.31,89535,257.607,315.2288,2507.22,98.101
12/31/2015,2.337,2.273,2.214,2.372,2.335,2.188,-10.35,-11.97,-2.4,-5.88,36.07,22.31,71.37,19.27,49.16,8.39,2.46,36.6,-58,3756,87.31,91296,257.607,309.116,2486.8,98.266
1/4/2016,2.334,2.366,2.337,2.214,2.378,2.27,-8.54,-7.79,-1,-7.85,33.76,22.86,69.04,27.69,39.54,8.67,2.46,37.04,-113,3643,87.99,95445,252.934,311.6524,2467.63,98.683
1/5/2016,2.325,2.29,2.334,2.337,2.375,2.239,-11.51,-11.13,-1.84,-12.66,30.85,20.63,68.97,30,34.17,8.53,2.33,36.76,-113,3643,87.99,104578,252.934,309.638,2424.85,98.869
1/6/2016,2.267,2.345,2.325,2.334,2.346,2.255,-11.36,-11.94,-1.02,-8.13,31.72,24.85,69.07,32.52,34.74,8.64,2.27,35.97,-113,3643,87.99,104388,252.934,307.1594,2426.52,99.404
1/7/2016,2.382,2.29,2.267,2.325,2.36,2.241,-9.81,-12.37,0.31,-5.08,34.72,28.91,70.85,32.82,38.21,8.47,2.42,33.97,-113,3643,87.99,95953,252.934,297.9527,2388.26,99.181
1/8/2016,2.472,2.397,2.382,2.267,2.429,2.271,-10.4,-15.43,0.23,-5.3,37.39,31.75,70.85,29.84,43.28,8.87,2.4,33.27,-113,3643,102.19,89486,252.934,295.708,2323.15,98.219
1/11/2016,2.396,2.446,2.472,2.382,2.495,2.377,-9.9,-10.93,0.73,-8.66,29.32,8.41,70.08,22.63,29.86,9.21,2.41,33.16,-168,3475,102.19,103611,240.721,295.5682,2290.54,98.54
1/12/2016,2.257,2.362,2.396,2.472,2.48,2.355,-10.66,-12.18,0.51,-14.24,27.73,11.76,69.16,23.32,30.26,8.84,2.39,31.41,-168,3475,102.19,109206,240.721,287.6189,2276.67,98.725
1/13/2016,2.269,2.263,2.257,2.396,2.366,2.241,-11.17,-8.34,1.51,-13.35,28.87,9.92,69.85,27.08,35.38,8.39,2.39,30.44,-168,3475,102.19,107947,240.721,284.7576,2282.22,98.974
1/14/2016,2.139,2.274,2.269,2.257,2.323,2.256,-10.59,-5.49,2.34,-15.88,31.04,18.12,69.17,30.86,35.94,8.45,2.32,30.48,-168,3475,102.19,105194,240.721,284.6477,2210.96,98.933
1/15/2016,2.1,2.144,2.139,2.269,2.294,2.126,-12.16,-10.31,0.14,-13.12,35.75,28.79,69.39,30.39,45.63,7.96,2.3,31.2,-168,3475,103.83,89957,240.721,287.0227,2237.88,99.089
1/19/2016,2.091,2.126,2.1,2.139,2.153,2.086,-13.17,-10.76,1.51,-15.98,25.06,3.58,69.96,33.96,26.3,7.81,2.25,29.42,-178,3297,103.83,117987,227.275,279.1693,2197.02,98.956
1/20/2016,2.118,2.091,2.091,2.1,2.17,2.044,-12.11,-10.59,1.25,-14.41,26.82,9.64,69.88,34.88,27.99,7.72,2.22,28.46,-178,3297,103.83,114183,227.275,277.8981,2172.23,98.991
1/21/2016,2.138,2.135,2.118,2.091,2.149,2.067,-11.98,-12.47,1.11,-11.65,30.46,17.13,69.45,33.44,37.83,7.85,2.19,26.55,-178,3297,103.83,105558,227.275,271.806,2166.84,99.091
1/22/2016,2.139,2.149,2.138,2.118,2.189,2.08,-12.39,-8.13,2.69,-11.14,32.01,18.71,70.68,31.64,43.02,7.92,2.21,29.53,-178,3297,106.91,101301,227.275,278.0414,2166.87,99.056
1/25/2016,2.158,2.156,2.139,2.138,2.168,2.112,-11.04,-7.79,0.91,-7.6,33.19,27.01,71.6,34.75,33.36,7.93,2.21,32.19,-211,3086,106.91,99444,207.293,290.2003,2220.53,99.574
1/26/2016,2.18,2.144,2.158,2.139,2.175,2.081,-10.09,-7.8,2.52,-5.15,36.42,29.64,71.42,29.87,42.77,7.86,2.13,30.34,-211,3086,106.91,93661,207.293,283.1458,2173.54,99.36
1/27/2016,2.189,2.177,2.18,2.158,2.219,2.128,-7.67,-1.82,4.14,-4.22,36.84,25.09,70.84,28.77,42.68,7.9,2.15,31.45,-211,3086,106.91,90666,207.293,288.8254,2217.97,99.087
1/28/2016,2.182,2.145,2.189,2.18,2.241,2.161,-7.64,-1.02,4.96,-7.05,37.44,29.38,71.92,33.36,38.81,7.88,2.13,32.3,-211,3086,106.91,92668,207.293,293.4082,2187.85,98.902
1/29/2016,2.298,2.224,2.182,2.189,2.231,2.088,-8,1.01,4.28,-7.15,37.55,28.72,71.38,35.99,41.01,8.17,2.01,33.22,-211,3086,100.65,89250,207.293,296.2633,2182.05,98.51
2/1/2016,2.152,2.213,2.298,2.182,2.315,2.218,-8.99,-8.54,-1.33,-1.92,42.69,37.38,71.51,32.41,56.27,8.49,2.14,33.62,-152,2934,100.65,76384,194.004,300.6679,2247.83,99.606
2/2/2016,2.025,2.136,2.152,2.298,2.228,2.127,-9.85,-10.72,-1.5,-7.15,40.54,31.53,70.95,26.24,57.2,7.87,2.14,31.62,-152,2934,100.65,79935,194.004,292.9208,2249.27,99.009
2/3/2016,2.038,2.036,2.025,2.152,2.14,1.976,-12.33,-9.98,-0.99,-8.15,39.14,32.11,70.8,22.11,60.26,7.48,1.96,29.88,-152,2934,100.65,81803,194.004,285.539,2196.11,98.872
2/4/2016,1.972,2.042,2.038,2.025,2.065,1.992,-11.7,-12.15,-0.93,-4.75,36.7,24.2,71.95,20.87,46.57,7.55,1.91,32.28,-152,2934,100.65,85038,194.004,295.3005,2205.47,97.288
2/5/2016,2.063,1.981,1.972,2.038,2.048,1.954,-10.41,-8.2,1.68,-8.69,34.56,21.96,70.99,25.21,37.47,7.28,1.81,31.72,-152,2934,88.61,91677,194.004,293.7004,2220.92,96.474
2/8/2016,2.14,2.106,2.063,1.972,2.076,1.981,-10.5,-5.6,2.05,-6.75,38.21,33.21,66.47,33.5,41.99,7.54,1.85,30.89,-70,2864,88.61,86494,190.584,291.6371,2155.02,97.031
2/9/2016,2.098,2.129,2.14,2.063,2.172,2.105,-10.53,-1.55,6.39,-5.94,35.29,23.08,66.57,35.81,38.44,7.82,1.99,29.69,-70,2864,88.61,95035,190.584,288.8855,2103.81,96.57
2/10/2016,2.046,2.097,2.098,2.14,2.134,2.065,-9.7,0.61,7.22,-9.31,32.84,16.86,66.88,38.35,31.68,7.68,1.93,27.94,-70,2864,88.61,101897,190.584,280.6136,2091.66,96.071
2/11/2016,1.994,2.052,2.046,2.098,2.109,2.017,-10.61,-3.21,5.39,-14.18,32.23,15.72,67.58,40.24,29.62,7.5,1.87,27.45,-70,2864,88.61,103744,190.584,282.2881,2096.9,95.888
2/12/2016,1.966,1.994,1.994,2.046,2.093,1.98,-12.12,-5.32,4.87,-17.53,32.47,14.41,69.61,41.05,38.79,7.3,1.88,26.21,-70,2864,101.26,103909,190.584,281.7048,2069.01,95.562
2/16/2016,1.903,1.952,1.966,1.994,2.025,1.951,-10.99,-4.11,4.25,-8.67,38.53,27.58,72.1,45.06,45.5,7.22,1.79,29.44,-158,2701,101.26,89097,177.219,294.9782,2110.7,95.94
2/17/2016,1.942,1.925,1.903,1.966,1.963,1.879,-9.57,-2.24,4.48,-8.03,41.24,25.75,71.35,45.9,44.93,7.03,1.79,29.04,-158,2701,101.26,82971,177.219,290.9748,2161.21,96.868
2/18/2016,1.852,1.948,1.942,1.903,1.96,1.893,-8.79,-4.01,3.17,-12.98,39.35,26.18,70.43,47.58,41.82,7.17,1.7,30.66,-158,2701,101.26,85255,177.219,300.4153,2203.16,96.786
2/19/2016,1.804,1.856,1.852,1.942,1.954,1.849,-10.06,-1.39,3.16,-10.86,40.99,36.07,70.8,48.45,45.71,6.83,1.66,30.77,-158,2701,100.53,84302,177.219,299.1719,2193.29,96.951
2/22/2016,1.821,1.784,1.804,1.852,1.87,1.794,-9.3,-4.96,2.15,-8.32,43.84,31.8,70.56,42.06,58.15,6.62,1.62,29.64,-117,2584,100.53,73310,155.357,293.7318,2198.45,96.6
2/23/2016,1.782,1.832,1.821,1.804,1.844,1.767,-10.89,-3.96,2.28,-11.7,41.92,31.4,68.8,39.41,52.59,6.61,1.62,31.48,-117,2584,100.53,77968,155.357,300.7004,2230.21,97.379
2/24/2016,1.778,1.785,1.782,1.821,1.848,1.773,-10.21,-4.86,2.6,-6.85,41.86,33.86,68.13,34.51,54.53,6.49,1.5,31.87,-117,2584,100.53,80734,155.357,294.4606,2208.19,97.481
2/25/2016,1.711,1.773,1.778,1.782,1.808,1.761,-7.78,-6.03,4.6,-4.88,43.08,33.48,69.4,36.38,44.44,6.52,1.46,32.15,-117,2584,100.53,78910,155.357,297.8511,2223.78,97.458
2/26/2016,1.791,1.786,1.711,1.778,1.776,1.682,-5.69,-1.4,5.51,-6.3,39.9,27.59,70.32,39.19,41.61,6.32,1.46,33.07,-117,2584,84.11,84667,155.357,300.7,2248.18,97.287
2/29/2016,1.711,1.711,1.791,1.711,1.805,1.731,-10.02,-7.15,3.58,-7.61,46.59,40,70.66,47.27,51.41,6.36,1.31,32.78,-48,2536,84.11,70619,149.049,300.0019,2262.84,98.148
3/1/2016,1.742,1.707,1.711,1.791,1.737,1.69,-11.07,-9.42,3.38,-8.66,44.67,30.05,70.7,45.7,53.85,6.02,1.26,33.75,-48,2536,84.11,73634,149.049,303.6298,2255.25,98.211
3/2/2016,1.678,1.741,1.742,1.711,1.775,1.685,-11.55,-4.96,2.74,-14.29,42.01,24.22,70.32,46.08,53.25,6.18,1.24,34.4,-48,2536,84.11,78065,149.049,304.7254,2303.32,98.352
3/3/2016,1.639,1.672,1.678,1.742,1.746,1.657,-11,-4.73,3.8,-14.77,39.9,25.21,68.55,48.8,42.69,5.91,1.27,34.66,-48,2536,84.11,83874,149.049,306.3862,2326.62,98.214
3/4/2016,1.666,1.626,1.639,1.678,1.695,1.63,-11.76,-2.86,4.24,-16.29,40.1,28.37,68.86,48.44,46.24,5.79,1.23,34.57,-48,2536,87.31,86076,149.049,307.1584,2350.34,97.592
3/7/2016,1.69,1.628,1.666,1.639,1.675,1.611,-8.16,-1.17,4.42,-4.68,45.65,43.15,71.59,49.79,50.31,5.93,1.23,35.92,-57,2479,87.31,73870,139.077,314.6847,2362.78,97.34
3/8/2016,1.712,1.707,1.69,1.666,1.74,1.612,-6.78,-1.08,3.42,-1.76,48.43,50.33,72.17,42.73,57.25,6.1,1.2,37.9,-57,2479,87.31,69686,139.077,324.2092,2380.48,97.071
3/9/2016,1.752,1.727,1.712,1.69,1.74,1.678,-7.08,-1.97,2.98,0.78,51,51.86,70.59,40.94,62.06,6.08,1.22,36.5,-57,2479,87.31,66248,139.077,320.5834,2328.68,97.209
3/10/2016,1.788,1.764,1.752,1.712,1.784,1.715,-6.08,-1.2,3.41,2.79,51.26,46.28,67.92,42.93,65.42,6.24,1.23,38.29,-57,2479,87.31,65082,139.077,328.7305,2340.29,97.173
3/11/2016,1.822,1.799,1.788,1.752,1.812,1.733,-4.41,2.21,4.09,0.86,51.95,43.53,69.09,48.58,65.26,6.42,1.23,37.84,-57,2479,78.58,65058,139.077,327.398,2326.8,96.066
3/14/2016,1.819,1.818,1.822,1.788,1.859,1.792,-3.79,0.74,2.75,1.39,52.06,49.56,71.7,49.39,64.31,6.43,1.34,38.5,-1,2478,78.58,63874,137.568,331.4096,2377.61,96.172
3/15/2016,1.851,1.832,1.819,1.822,1.857,1.771,-4.18,-0.8,2.86,3.94,52.16,52.37,71.24,47.39,63.59,6.44,1.33,37.18,-1,2478,78.58,67318,137.568,327.1337,2370.44,96.624
3/16/2016,1.868,1.849,1.851,1.819,1.898,1.808,-3.6,-1.33,2.5,4.05,51.54,50.12,71.32,42.79,66.74,6.56,1.44,36.34,-1,2478,78.58,67417,137.568,323.8336,2341.89,96.633
3/17/2016,1.936,1.869,1.868,1.851,1.879,1.82,-4.44,-2.92,2.25,1.88,49.84,44.42,69.38,42.71,60.67,6.6,1.44,38.46,-1,2478,78.58,68806,137.568,330.6971,2363.3,95.89
3/18/2016,1.907,1.933,1.936,1.868,1.952,1.83,-5.97,-5.28,3.24,0.08,48.3,40.29,68.4,41.81,59.34,6.83,1.44,40.2,-1,2478,73.29,69611,137.568,337.8768,2391.21,94.76
3/21/2016,1.828,1.893,1.907,1.936,1.957,1.881,-6.36,0.92,6.07,-3.86,40.72,32.64,71.59,45.69,42.66,6.68,1.42,39.44,15,2493,73.29,80374,144.448,335.3031,2407.93,95.086
3/22/2016,1.863,1.813,1.828,1.907,1.908,1.808,-6.43,-1.96,5.79,-5.33,43.77,38.62,71.94,53.34,43.99,6.42,1.42,39.91,15,2493,73.29,76746,144.448,336.1453,2407.72,95.288
3/23/2016,1.794,1.867,1.863,1.828,1.87,1.796,-7.28,-3.87,5.21,-4.21,47.84,46.55,71.24,48.64,51.7,6.57,1.32,41.45,15,2493,73.29,68294,144.448,337.5255,2409.49,95.648
3/24/2016,1.806,1.791,1.794,1.863,1.899,1.777,-7.54,-2.41,4.72,-4.3,49.55,42.19,72,41.68,59.14,6.3,1.3509,39.79,15,2493,73.29,67076,144.448,329.3739,2368.89,96.046
3/28/2016,1.848,1.785,1.806,1.794,1.827,1.772,-3.43,1.39,4.43,0.67,48.14,40.94,71.32,43.17,60.45,6.4,1.2434,39.46,-25,2468,80.87,67590,143.351,327.907,2374.11,96.273
3/29/2016,1.903,1.855,1.848,1.806,1.852,1.766,-2.07,1.11,5.74,1.11,47.89,41.88,71.71,46.72,53.55,6.56,1.2215,39.39,-25,2468,80.87,69897,143.351,327.8384,2376.08,95.943
3/30/2016,1.996,1.979,1.903,1.848,1.914,1.821,-1.96,3.02,8.48,-0.96,48.34,46.59,72.63,44.68,55.61,6.72,1.1865,38.28,-25,2468,80.87,71426,143.351,324.2058,2422.15,95.16
3/31/2016,1.959,1.99,1.996,1.903,2.015,1.963,-1.76,3.86,10.97,2.7,50.75,49.4,70.86,41.41,61.59,6.76,1.1162,38.32,-25,2468,80.87,68530,143.351,323.3024,2426.58,94.841
4/1/2016,1.956,1.963,1.959,1.996,2.028,1.93,-0.82,2.52,12.12,4.44,52.46,45.09,71.28,40.91,67.01,6.66,0.9186,38.34,-25,2468,74.06,65797,143.351,323.4185,2435.5,94.586
4/4/2016,1.998,1.988,1.956,1.959,1.992,1.925,-4.89,3.77,9.43,-8.72,47.56,43.42,72.97,51.66,52.68,6.61,0.9143,36.79,12,2480,74.06,68508,146.806,316.4048,2444.83,94.619
4/5/2016,1.954,2.004,1.998,1.956,2.074,1.976,-5.95,5.8,7.34,-8.86,47.56,37.15,73.55,53.02,56.64,6.82,1.0297,35.7,12,2480,74.06,71620,146.806,311.3678,2427.3,94.51
4/6/2016,1.911,1.941,1.954,1.998,2.041,1.931,-5.79,4.3,6.64,-6.86,46.32,39.53,72.28,49.93,53.28,6.61,1.0239,35.89,12,2480,74.06,74137,146.806,310.4056,2402.96,94.631
4/7/2016,2.018,1.904,1.911,1.954,1.943,1.897,-3.86,5.4,9.11,-2.3,50.21,45.34,70.42,51.94,57.92,6.45,0.9058,37.75,12,2480,74.06,68881,146.806,317.5926,2432.63,94.43
4/8/2016,1.99,2.015,2.018,1.911,2.024,1.892,-1.85,5.6,12.93,-3.16,51.97,41.14,71.87,54.97,57.87,6.85,0.95,37.26,12,2480,74.18,68730,146.806,316.2252,2401.15,94.482
4/11/2016,1.912,1.951,1.99,2.018,2.044,1.986,-3.52,0.25,11.11,-4.67,49.18,43.68,72.63,50.92,56.14,6.74,1.07,39.72,-3,2477,74.18,68317,137.745,329.0248,2412.05,94.235
4/12/2016,2.004,1.934,1.912,1.99,1.951,1.907,-2.36,5.33,9.26,0.08,50.47,38.92,73.01,49.94,59.74,6.52,1.02,40.36,-3,2477,74.18,66838,137.745,331.9992,2405.23,93.95
